,Date,Stock,StockChange,SentimentValue,SentimentChange
0,2018-09-01,365.63999939,0.0,0.401554945,0.0
1,2018-09-02,364.6200027467578,-1.019996643242223,0.41488068200000006,0.01332573700000006
2,2018-09-03,364.1100044251367,-0.509998321621083,0.327465556,-0.08741512600000007
3,2018-09-04,363.6000061035156,-0.509998321621083,0.353086667,0.02562111100000003
4,2018-09-05,341.17999267578125,-22.420013427734375,0.359225556,0.006138888999999981
5,2018-09-06,346.4599914550781,5.279998779296875,0.255367778,-0.10385777800000001
6,2018-09-07,348.67999267578125,2.220001220703125,0.34338,0.08801222200000003
7,2018-09-08,348.5449981689453,-0.1349945068359375,0.341355556,-0.002024444000000014
8,2018-09-09,348.47750091552734,-0.06749725341796875,0.33953846200000004,-0.0018170939999999636
9,2018-09-10,348.4100036621094,-0.06749725341796875,0.364452809,0.024914346999999948
10,2018-09-11,355.92999267578125,7.519989013671875,0.339421111,-0.02503169799999999
11,2018-09-12,369.95001220703125,14.02001953125,0.260518889,-0.07890222200000002
12,2018-09-13,368.1499938964844,-1.800018310546875,0.219367778,-0.04115111099999996
13,2018-09-14,364.55999755859375,-3.589996337890625,0.31041428600000004,0.09104650800000003
14,2018-09-15,357.4550018310547,-7.1049957275390625,0.38102247200000006,0.07060818600000002
15,2018-09-16,353.90250396728516,-3.5524978637695312,0.252816667,-0.12820580500000006
16,2018-09-17,350.3500061035156,-3.5524978637695312,0.158458889,-0.094357778
17,2018-09-18,367.6499938964844,17.29998779296875,0.35829777799999996,0.19983888899999996
18,2018-09-19,366.9599914550781,-0.69000244140625,0.23756111100000002,-0.12073666699999994
19,2018-09-20,365.3599853515625,-1.600006103515625,0.34227666700000003,0.10471555600000002
20,2018-09-21,361.1900024414063,-4.169982910156193,0.447115556,0.10483888899999999
21,2018-09-22,365.3999938964844,4.209991455078068,0.26677,-0.18034555600000002
22,2018-09-23,367.50498962402344,2.1049957275390625,0.34286777799999996,0.07609777799999995
23,2018-09-24,369.6099853515625,2.1049957275390625,0.26155,-0.08131777799999995
24,2018-09-25,369.42999267578125,-0.17999267578125,0.24616222199999999,-0.015387778000000019
25,2018-09-26,377.8800048828125,8.45001220703125,0.32334,0.07717777800000003
26,2018-09-27,380.7099914550781,2.829986572265625,0.36778777799999995,0.04444777799999994
27,2018-09-28,374.1300048828125,-6.579986572265625,0.252211828,-0.11557594999999993
28,2018-09-29,377.7799987792969,3.649993896484375,0.311458621,0.059246792999999964
29,2018-09-30,379.60499572753906,1.8249969482421875,0.318742222,0.007283601000000028
30,2018-10-01,381.42999267578125,1.8249969482421875,0.271102222,-0.047640000000000016
31,2018-10-02,377.1400146484375,-4.28997802734375,0.29570555600000004,0.024603334000000032
32,2018-10-03,377.0499877929688,-0.09002685546869316,0.293742222,-0.0019633340000000388
33,2018-10-04,363.6499938964844,-13.399993896484432,0.38246444399999996,0.08872222199999996
34,2018-10-05,351.3500061035156,-12.29998779296875,0.249156667,-0.13330777699999996
35,2018-10-06,350.2250061035156,-1.125,0.250891111,0.0017344440000000017
36,2018-10-07,349.6625061035156,-0.5625,0.777266667,0.5263755560000001
37,2018-10-08,349.1000061035156,-0.5625,0.33188666699999997,-0.44538000000000005
38,2018-10-09,355.7099914550781,6.6099853515625,0.325928889,-0.005957777999999969
39,2018-10-10,325.8900146484375,-29.819976806640625,0.154038889,-0.17189
40,2018-10-11,321.1000061035156,-4.790008544921875,0.215972222,0.06193333299999998
41,2018-10-12,339.55999755859375,18.459991455078125,0.359091111,0.14311888900000003
42,2018-10-13,336.3450012207031,-3.214996337890625,0.175273333,-0.18381777800000001
43,2018-10-14,334.7375030517578,-1.6074981689453125,0.29178333300000003,0.11651000000000003
44,2018-10-15,333.1300048828125,-1.6074981689453125,0.258561111,-0.03322222200000002
45,2018-10-16,346.3999938964844,13.269989013671875,0.220148889,-0.038412222000000024
46,2018-10-17,364.70001220703125,18.300018310546875,0.28315999999999997,0.06301111099999998
47,2018-10-18,346.7099914550781,-17.990020751953125,0.254614444,-0.028545555999999972
48,2018-10-19,332.6700134277344,-14.03997802734375,0.297438889,0.04282444499999999
49,2018-10-20,331.1050109863281,-1.56500244140625,0.204726667,-0.09271222199999998
50,2018-10-21,330.322509765625,-0.782501220703125,0.224876667,0.02015
51,2018-10-22,329.5400085449219,-0.782501220703125,0.271662222,0.046785555000000006
52,2018-10-23,333.1600036621094,3.6199951171875,0.259633333,-0.012028888999999987
53,2018-10-24,301.8299865722656,-31.33001708984375,0.300567778,0.040934444999999986
54,2018-10-25,312.8699951171875,11.040008544921875,0.2186,-0.08196777800000002
55,2018-10-26,299.8299865722656,-13.040008544921875,0.30903,0.09043000000000004
56,2018-10-27,292.3349914550781,-7.4949951171875,0.28554555600000003,-0.023484443999999993
57,2018-10-28,288.5874938964844,-3.74749755859375,0.348454444,0.06290888799999994
58,2018-10-29,284.8399963378906,-3.74749755859375,0.34873222200000004,0.0002777780000000618
59,2018-10-30,285.80999755859375,0.970001220703125,0.562241111,0.21350888899999992
60,2018-10-31,301.7799987792969,15.970001220703125,0.8036744440000001,0.24143333300000014
61,2018-11-01,317.3800048828125,15.600006103515625,0.23436444399999998,-0.5693100000000001
62,2018-11-02,309.1000061035156,-8.279998779296875,0.284067778,0.049703334000000016
63,2018-11-03,312.27000427246094,3.1699981689453125,0.225543333,-0.05852444499999998
64,2018-11-04,313.8550033569336,1.5849990844726562,0.338743333,0.11319999999999997
65,2018-11-05,315.44000244140625,1.5849990844726562,0.24595777800000002,-0.09278555499999996
66,2018-11-06,310.8399963378906,-4.600006103515625,0.33250555600000004,0.08654777800000002
67,2018-11-07,327.5,16.660003662109375,0.36516111100000004,0.032655555
68,2018-11-08,317.9200134277344,-9.579986572265625,0.18776555600000003,-0.177395555
69,2018-11-09,303.4700012207031,-14.45001220703125,0.238548889,0.05078333299999996
70,2018-11-10,298.77000427246094,-4.6999969482421875,0.317397802,0.07884891300000002
71,2018-11-11,296.42000579833984,-2.3499984741210938,0.447134831,0.129737029
72,2018-11-12,294.07000732421875,-2.3499984741210938,0.36149444399999997,-0.08564038700000004
73,2018-11-13,294.3999938964844,0.329986572265625,0.384363333,0.022868889000000003
74,2018-11-14,286.7300109863281,-7.66998291015625,0.273018889,-0.11134444399999999
75,2018-11-15,290.05999755859375,3.329986572265625,0.20181111100000002,-0.07120777799999997
76,2018-11-16,286.2099914550781,-3.850006103515625,0.306383333,0.10457222199999996
77,2018-11-17,278.4049987792969,-7.80499267578125,0.308243333,0.0018600000000000283
78,2018-11-18,274.50250244140625,-3.902496337890625,0.38556044,0.077317107
79,2018-11-19,270.60000610351557,-3.902496337890682,0.281364045,-0.104196395
80,2018-11-20,266.98001098632807,-3.6199951171875,0.260715556,-0.020648488999999992
81,2018-11-21,262.1300048828125,-4.850006103515568,0.318442391,0.057726834999999976
82,2018-11-22,260.4750061035156,-1.654998779296875,0.376161364,0.05771897300000001
83,2018-11-23,258.82000732421875,-1.654998779296875,0.394023333,0.017861968999999978
84,2018-11-24,260.125,1.30499267578125,0.330804444,-0.063218889
85,2018-11-25,260.7774963378906,0.652496337890625,0.263326087,-0.06747835699999999
86,2018-11-26,261.42999267578125,0.652496337890625,0.611023864,0.347697777
87,2018-11-27,266.6300048828125,5.20001220703125,0.559182222,-0.051841641999999966
88,2018-11-28,282.6499938964844,16.019989013671875,0.358786667,-0.200395555
89,2018-11-29,288.75,6.100006103515625,0.302522222,-0.056264444999999996
90,2018-11-30,286.1300048828125,-2.6199951171875,0.360864444,0.058342222
91,2018-12-01,288.2149963378906,2.084991455078125,0.38476222200000004,0.023897778000000036
92,2018-12-02,289.2574920654297,1.0424957275390625,0.29959,-0.08517222200000002
93,2018-12-03,290.29998779296875,1.0424957275390625,0.284646667,-0.014943333000000003
94,2018-12-04,275.32998657226557,-14.970001220703182,0.32243,0.037783332999999975
95,2018-12-05,279.10499572753906,3.7750091552734943,0.348255556,0.025825556000000027
96,2018-12-06,282.8800048828125,3.7750091552734375,0.25408444399999996,-0.09417111200000006
97,2018-12-07,265.1400146484375,-17.739990234375,0.305565556,0.05148111200000005
98,2018-12-08,267.4200134277344,2.279998779296875,0.340256667,0.034691111
99,2018-12-09,268.5600128173828,1.1399993896484375,0.25868444399999996,-0.08157222300000005
100,2018-12-10,269.70001220703125,1.1399993896484375,0.260245556,0.0015611120000000311
101,2018-12-11,265.32000732421875,-4.3800048828125,0.362398889,0.10215333300000001
102,2018-12-12,274.8800048828125,9.55999755859375,0.24584777800000002,-0.11655111099999999
103,2018-12-13,276.01998901367193,1.1399841308594318,0.298473333,0.05262555499999999
104,2018-12-14,266.83999633789057,-9.179992675781364,0.274902222,-0.023571111000000033
105,2018-12-15,264.8199920654297,-2.0200042724608807,0.269628889,-0.005273332999999991
106,2018-12-16,263.8099899291992,-1.0100021362304688,0.43803000000000003,0.16840111100000005
107,2018-12-17,262.79998779296875,-1.0100021362304688,0.225721111,-0.21230888900000003
108,2018-12-18,270.94000244140625,8.1400146484375,0.3353,0.10957888899999998
109,2018-12-19,266.76998901367193,-4.170013427734318,0.338117582,0.0028175820000000407
110,2018-12-20,260.57998657226557,-6.190002441406364,0.36411797799999995,0.026000395999999926
111,2018-12-21,246.38999938964844,-14.18998718261713,0.293015556,-0.07110242199999994
112,2018-12-22,240.13500213623047,-6.254997253417969,0.327254444,0.03423888799999997
113,2018-12-23,237.00750350952148,-3.1274986267089844,0.331782222,0.004527778000000038
114,2018-12-24,233.8800048828125,-3.1274986267089844,0.376891304,0.04510908199999997
115,2018-12-25,243.7750015258789,9.894996643066406,0.276254545,-0.10063675899999996
116,2018-12-26,253.6699981689453,9.894996643066406,0.34615,0.069895455
117,2018-12-27,255.57000732421875,1.9000091552734375,0.175865556,-0.170284444
118,2018-12-28,256.07998657226557,0.5099792480468182,0.279663333,0.10379777700000001
119,2018-12-29,261.8699951171875,5.790008544921932,0.218233333,-0.06143000000000001
120,2018-12-30,264.76499938964844,2.8950042724609375,0.24024444399999997,0.022011110999999972
121,2018-12-31,267.66000366210943,2.8950042724609943,0.289243333,0.04899888900000002
122,2019-01-01,267.66000366210943,0.0,0.313968889,0.024725555999999982
123,2019-01-02,267.66000366210943,0.0,0.20130777800000002,-0.11266111099999995
124,2019-01-03,271.20001220703125,3.540008544921818,0.258953333,0.05764555499999999
125,2019-01-04,297.57000732421875,26.3699951171875,0.227994444,-0.030958889000000017
126,2019-01-05,306.4550018310547,8.884994506835938,0.26083,0.032835556000000016
127,2019-01-06,310.89749908447266,4.442497253417969,0.268695556,0.007865555999999996
128,2019-01-07,315.3399963378906,4.442497253417969,0.254623333,-0.014072222999999995
129,2019-01-08,320.2699890136719,4.92999267578125,0.209837778,-0.044785555000000005
130,2019-01-09,319.9599914550781,-0.30999755859375,0.20939111100000002,-0.00044666699999998394
131,2019-01-10,324.6600036621094,4.70001220703125,0.18614,-0.02325111100000002
132,2019-01-11,337.5899963378906,12.92999267578125,0.272128889,0.08598888899999999
133,2019-01-12,335.26499938964844,-2.3249969482421875,0.25306666699999997,-0.019062222000000018
134,2019-01-13,334.10250091552734,-1.1624984741210938,0.330504444,0.07743777700000004
135,2019-01-14,332.94000244140625,-1.1624984741210938,0.324667778,-0.00583666599999999
136,2019-01-15,354.6400146484375,21.70001220703125,0.13568333300000002,-0.188984445
137,2019-01-16,351.3900146484375,-3.25,0.279756667,0.144073334
138,2019-01-17,353.19000244140625,1.79998779296875,0.205273333,-0.07448333400000001
139,2019-01-18,339.1000061035156,-14.089996337890625,0.20452,-0.0007533329999999949
140,2019-01-19,332.1300048828125,-6.970001220703125,0.320571111,0.11605111100000001
141,2019-01-20,328.64500427246094,-3.4850006103515625,0.188018889,-0.13255222200000003
142,2019-01-21,326.90250396728516,-1.7425003051757812,0.280016667,0.091997778
143,2019-01-22,325.1600036621094,-1.7425003051757812,0.237646667,-0.04236999999999999
144,2019-01-23,321.989990234375,-3.170013427734375,0.08950888900000001,-0.148137778
145,2019-01-24,326.6700134277344,4.680023193359375,0.182252222,0.09274333299999998
146,2019-01-25,338.04998779296875,11.379974365234375,0.19927111100000003,0.017018889000000037
147,2019-01-26,336.85499572753906,-1.1949920654296875,0.24422,0.044948888999999964
148,2019-01-27,336.2574996948242,-0.5974960327148438,0.150714444,-0.09350555599999999
149,2019-01-28,335.6600036621094,-0.5974960327148438,0.185906667,0.035192222999999995
150,2019-01-29,328.8999938964844,-6.760009765625,0.09741,-0.088496667
151,2019-01-30,340.6600036621094,11.760009765625,0.150094444,0.052684444
152,2019-01-31,339.5,-1.160003662109375,0.272113333,0.12201888900000002
153,2019-02-01,339.8500061035156,0.350006103515625,0.250301111,-0.021812221999999992
154,2019-02-02,345.5950012207031,5.7449951171875,0.295046667,0.044745555999999964
155,2019-02-03,348.4674987792969,2.87249755859375,0.282427778,-0.012618888999999966
156,2019-02-04,351.3399963378906,2.87249755859375,0.324992222,0.04256444399999998
157,2019-02-05,355.80999755859375,4.470001220703125,0.280817778,-0.04417444399999998
158,2019-02-06,352.19000244140625,-3.6199951171875,0.295142222,0.014324443999999992
159,2019-02-07,344.7099914550781,-7.480010986328125,0.372181111,0.077038889
160,2019-02-08,347.57000732421875,2.860015869140625,0.23221888899999998,-0.13996222200000003
161,2019-02-09,346.65000915527344,-0.9199981689453125,0.124736667,-0.10748222199999999
162,2019-02-10,346.1900100708008,-0.45999908447265625,0.193006667,0.06827
163,2019-02-11,345.7300109863281,-0.45999908447265625,0.220616667,0.027609999999999996
164,2019-02-12,359.9700012207031,14.239990234375,0.250106667,0.029490000000000016
165,2019-02-13,351.7699890136719,-8.20001220703125,0.22910333300000002,-0.021003333999999985
166,2019-02-14,359.07000732421875,7.300018310546875,0.306953333,0.07784999999999997
167,2019-02-15,356.8699951171875,-2.20001220703125,0.282483333,-0.024469999999999992
168,2019-02-16,359.39500427246094,2.5250091552734375,0.35321555600000004,0.07073222300000004
169,2019-02-17,360.65750885009766,1.2625045776367188,0.313387778,-0.039827778000000036
170,2019-02-18,361.288761138916,0.6312522888183594,0.204292222,-0.10909555600000001
171,2019-02-19,361.9200134277344,0.6312522888183594,0.24461333300000002,0.04032111100000002
172,2019-02-20,359.9100036621094,-2.010009765625,0.20043333300000002,-0.04418
173,2019-02-21,356.9700012207031,-2.94000244140625,0.157158889,-0.04327444400000002
174,2019-02-22,363.0199890136719,6.04998779296875,0.31534666699999997,0.15818777799999997
175,2019-02-23,363.4649963378906,0.44500732421875,0.31933,0.003983333000000033
176,2019-02-24,363.6875,0.222503662109375,0.332578889,0.013248888999999986
177,2019-02-25,363.9100036621094,0.222503662109375,0.22100999999999998,-0.111568889
178,2019-02-26,364.9700012207031,1.05999755859375,0.331653333,0.11064333300000001
179,2019-02-27,362.8699951171875,-2.100006103515625,0.32763000000000003,-0.004023332999999962
180,2019-02-28,358.1000061035156,-4.769989013671875,0.306434444,-0.02119555600000006
181,2019-03-01,357.32000732421875,-0.779998779296875,0.194423333,-0.11201111099999997
182,2019-03-02,354.1800079345703,-3.1399993896484375,0.318927778,0.12450444499999999
183,2019-03-03,352.6100082397461,-1.5699996948242188,0.29072444399999997,-0.028203334000000024
184,2019-03-04,351.0400085449219,-1.5699996948242188,0.34562222200000003,0.054897778000000064
185,2019-03-05,354.29998779296875,3.259979248046875,0.21083111100000002,-0.13479111100000002
186,2019-03-06,359.6099853515625,5.30999755859375,0.326386667,0.115555556
187,2019-03-07,352.6000061035156,-7.009979248046875,0.29293444399999996,-0.03345222300000006
188,2019-03-08,349.6000061035156,-3.0,0.367698889,0.07476444500000001
189,2019-03-09,354.22999572753906,4.6299896240234375,0.31407555600000003,-0.05362333299999994
190,2019-03-10,356.5449905395508,2.3149948120117188,0.41586333299999995,0.10178777699999991
191,2019-03-11,358.8599853515625,2.3149948120117188,0.267044444,-0.14881888899999995
192,2019-03-12,356.2699890136719,-2.589996337890625,0.282097778,0.01505333400000003
193,2019-03-13,361.2099914550781,4.94000244140625,0.259686667,-0.02241111100000004
194,2019-03-14,358.82000732421875,-2.389984130859375,0.114353333,-0.14533333399999998
195,2019-03-15,361.4599914550781,2.639984130859375,0.079102222,-0.035251111
196,2019-03-16,362.4499969482422,0.9900054931640625,0.25571,0.176607778
197,2019-03-17,362.9449996948242,0.49500274658203125,0.374344444,0.118634444
198,2019-03-18,363.4400024414063,0.4950027465820881,0.24045999999999998,-0.13388444400000002
199,2019-03-19,358.7799987792969,-4.660003662109432,0.17583222199999998,-0.064627778
200,2019-03-20,375.2200012207031,16.44000244140625,0.316375556,0.14054333400000002
201,2019-03-21,377.8699951171875,2.649993896484375,0.35861666700000006,0.04224111100000005
202,2019-03-22,361.010009765625,-16.8599853515625,0.249828889,-0.10878777800000006
203,2019-03-23,363.62001037597656,2.6100006103515625,0.259571111,0.009742222000000023
204,2019-03-24,364.92501068115234,1.3050003051757812,0.250267778,-0.009303333000000025
205,2019-03-25,366.2300109863281,1.3050003051757812,0.259991111,0.009723333
206,2019-03-26,359.9700012207031,-6.260009765625,0.311464444,0.05147333300000001
207,2019-03-27,353.3699951171875,-6.600006103515625,0.337188889,0.025724444999999985
208,2019-03-28,354.6099853515625,1.239990234375,0.286302222,-0.050886667
209,2019-03-29,356.55999755859375,1.95001220703125,0.27739444399999996,-0.008907778000000033
210,2019-03-30,361.75999450683594,5.1999969482421875,0.250944444,-0.026449999999999974
211,2019-03-31,364.35999298095703,2.5999984741210938,0.397996667,0.14705222300000004
212,2019-04-01,366.9599914550781,2.5999984741210938,0.0,-0.397996667
213,2019-04-02,367.7200012207031,0.760009765625,-0.007206667,-0.007206667
214,2019-04-03,369.75,2.029998779296875,0.40384333299999997,0.41104999999999997
215,2019-04-04,367.8800048828125,-1.8699951171875,0.103261111,-0.30058222199999995
216,2019-04-05,365.489990234375,-2.3900146484375,0.272114444,0.168853333
217,2019-04-06,363.4499969482422,-2.0399932861328125,0.29070888899999997,0.01859444499999996
218,2019-04-07,362.4300003051758,-1.0199966430664062,0.341974444,0.05126555500000002
219,2019-04-08,361.4100036621094,-1.0199966430664062,0.27594777800000003,-0.06602666599999996
220,2019-04-09,364.7099914550781,3.29998779296875,0.29106,0.015112221999999953
221,2019-04-10,363.9200134277344,-0.78997802734375,0.35813777799999996,0.06707777799999998
222,2019-04-11,367.6499938964844,3.72998046875,0.202758889,-0.15537888899999996
223,2019-04-12,351.1400146484375,-16.509979248046875,0.30703222199999997,0.10427333299999997
224,2019-04-13,350.0050048828125,-1.135009765625,0.316157778,0.009125556000000035
225,2019-04-14,349.4375,-0.5675048828125,0.344458889,0.02830111099999999
226,2019-04-15,348.8699951171875,-0.5675048828125,0.311696667,-0.03276222200000001
227,2019-04-16,359.4599914550781,10.589996337890625,0.263715556,-0.047981110999999965
228,2019-04-17,354.739990234375,-4.720001220703125,0.308928889,0.04521333299999997
229,2019-04-18,360.3500061035156,5.610015869140625,0.23587888899999998,-0.07305
230,2019-04-19,368.8450012207031,8.4949951171875,0.305973333,0.07009444400000003
231,2019-04-20,373.0924987792969,4.24749755859375,0.319208602,0.013235268999999994
232,2019-04-21,375.21624755859375,2.123748779296875,0.31615172399999997,-0.0030568780000000406
233,2019-04-22,377.3399963378906,2.123748779296875,0.314536667,-0.0016150569999999753
234,2019-04-23,381.8900146484375,4.550018310546875,0.282492222,-0.03204444499999998
235,2019-04-24,374.2300109863281,-7.660003662109375,0.259826667,-0.022665555000000004
236,2019-04-25,368.3299865722656,-5.9000244140625,0.3029,0.04307333299999999
237,2019-04-26,374.8500061035156,6.52001953125,0.281501111,-0.021398888999999977
238,2019-04-27,373.3399963378906,-1.510009765625,0.166084444,-0.11541666700000003
239,2019-04-28,372.5849914550781,-0.7550048828125,0.297187778,0.13110333400000002
240,2019-04-29,371.8299865722656,-0.7550048828125,0.17678111100000002,-0.120406667
241,2019-04-30,370.5400085449219,-1.28997802734375,0.19561555600000002,0.018834445000000005
242,2019-05-01,378.80999755859375,8.269989013671875,0.280946667,0.08533111099999996
243,2019-05-02,379.05999755859375,0.25,0.24750888899999998,-0.033437778
244,2019-05-03,385.0299987792969,5.970001220703125,0.27937666699999997,0.031867777999999986
245,2019-05-04,381.8500061035156,-3.17999267578125,0.34644285700000005,0.06706619000000008
246,2019-05-05,380.260009765625,-1.589996337890625,0.158717978,-0.18772487900000004
247,2019-05-06,378.6700134277344,-1.589996337890625,0.258263333,0.09954535499999997
248,2019-05-07,370.4599914550781,-8.21002197265625,0.23421888899999999,-0.024044443999999998
249,2019-05-08,364.3699951171875,-6.089996337890625,0.20421555600000002,-0.030003332999999965
250,2019-05-09,362.75,-1.6199951171875,0.244656667,0.040441110999999974
251,2019-05-10,361.0400085449219,-1.709991455078125,0.333322222,0.08866555500000001
252,2019-05-11,353.15000915527344,-7.8899993896484375,0.425608889,0.09228666699999999
253,2019-05-12,349.2050094604492,-3.9449996948242188,0.296905556,-0.12870333299999998
254,2019-05-13,345.260009765625,-3.9449996948242188,0.2968,-0.00010555600000000664
255,2019-05-14,345.6099853515625,0.3499755859375,0.221811111,-0.074988889
256,2019-05-15,354.989990234375,9.3800048828125,0.242218889,0.020407777999999988
257,2019-05-16,359.30999755859375,4.32000732421875,0.363741111,0.12152222200000001
258,2019-05-17,354.45001220703125,-4.8599853515625,0.31948111100000004,-0.044259999999999966
259,2019-05-18,351.2799987792969,-3.170013427734375,0.308786667,-0.010694444000000025
260,2019-05-19,349.6949920654297,-1.5850067138671875,0.29183111100000003,-0.016955555999999983
261,2019-05-20,348.1099853515625,-1.5850067138671875,0.311661111,0.01982999999999996
262,2019-05-21,354.2699890136719,6.160003662109375,0.408083333,0.096422222
263,2019-05-22,359.7300109863281,5.46002197265625,0.39028333299999995,-0.017800000000000038
264,2019-05-23,352.2099914550781,-7.52001953125,0.366201111,-0.02408222199999993
265,2019-05-24,354.3900146484375,2.180023193359375,0.264694444,-0.10150666700000005
266,2019-05-25,354.7250061035156,0.334991455078125,0.385786667,0.12109222300000005
267,2019-05-26,354.8925018310547,0.1674957275390625,0.19319888899999998,-0.19258777800000004
268,2019-05-27,354.9762496948242,0.08374786376953125,0.38224333299999996,0.18904444399999998
269,2019-05-28,355.05999755859375,0.08374786376953125,0.340745556,-0.04149777699999996
270,2019-05-29,349.19000244140625,-5.8699951171875,0.024785556,-0.31596
271,2019-05-30,351.8500061035156,2.660003662109375,0.289497778,0.264712222
272,2019-05-31,343.2799987792969,-8.57000732421875,0.213314444,-0.07618333399999999
273,2019-06-01,339.9550018310547,-3.3249969482421875,0.347898889,0.134584445
274,2019-06-02,338.2925033569336,-1.6624984741210938,0.233301111,-0.11459777799999998
275,2019-06-03,336.6300048828125,-1.6624984741210938,0.270595556,0.03729444500000001
276,2019-06-04,353.3999938964844,16.769989013671875,0.278254444,0.007658887999999975
277,2019-06-05,355.7300109863281,2.33001708984375,0.25391444399999996,-0.02434000000000003
278,2019-06-06,357.1300048828125,1.399993896484375,0.24873777800000002,-0.005176665999999941
279,2019-06-07,360.8699951171875,3.739990234375,0.304595556,0.05585777799999997
280,2019-06-08,356.44000244140625,-4.42999267578125,0.33101222199999997,0.026416665999999978
281,2019-06-09,354.2250061035156,-2.214996337890625,0.256048889,-0.07496333299999997
282,2019-06-10,352.010009765625,-2.214996337890625,0.245855556,-0.010193332999999999
283,2019-06-11,351.2699890136719,-0.740020751953125,0.18073111100000003,-0.06512444499999998
284,2019-06-12,345.55999755859375,-5.709991455078125,0.354014444,0.17328333299999996
285,2019-06-13,343.42999267578125,-2.1300048828125,0.263105556,-0.09090888799999997
286,2019-06-14,339.7300109863281,-3.699981689453125,0.27201444399999997,0.008908887999999948
287,2019-06-15,345.1750030517578,5.4449920654296875,0.242711111,-0.02930333299999996
288,2019-06-16,347.89749908447266,2.7224960327148438,0.27561555600000004,0.03290444500000003
289,2019-06-17,350.6199951171875,2.7224960327148438,0.192518889,-0.08309666700000004
290,2019-06-18,357.1199951171875,6.5,0.152231111,-0.040287777999999996
291,2019-06-19,363.5199890136719,6.399993896484375,0.22016666699999998,0.06793555599999998
292,2019-06-20,365.2099914550781,1.69000244140625,0.23733222199999998,0.017165555
293,2019-06-21,369.2099914550781,4.0,0.222313333,-0.01501888899999998
294,2019-06-22,370.125,0.915008544921875,0.202817778,-0.019495554999999998
295,2019-06-23,370.58250427246094,0.4575042724609375,0.338248889,0.135431111
296,2019-06-24,371.0400085449219,0.4575042724609375,0.32672888899999997,-0.01152000000000003
297,2019-06-25,360.2999877929688,-10.740020751953068,0.288998889,-0.037729999999999986
298,2019-06-26,362.20001220703125,1.9000244140624432,0.204113333,-0.08488555599999997
299,2019-06-27,370.0199890136719,7.819976806640625,0.252044444,0.04793111099999997
300,2019-06-28,367.3200073242188,-2.699981689453068,0.220818889,-0.031225554999999988
301,2019-06-29,370.9600067138672,3.6399993896483807,0.277633333,0.05681444399999999
302,2019-06-30,372.7800064086914,1.8199996948242188,0.29344111100000003,0.01580777800000005
303,2019-07-01,374.6000061035156,1.8199996948242188,0.250728889,-0.04271222200000002
304,2019-07-02,375.42999267578125,0.829986572265625,-0.093787778,-0.344516667
305,2019-07-03,381.7200012207031,6.290008544921875,0.18896,0.282747778
306,2019-07-04,381.13499450683594,-0.5850067138671875,0.17826555600000002,-0.01069444399999997
307,2019-07-05,380.5499877929688,-0.5850067138671307,0.328926667,0.150661111
308,2019-07-06,378.35499572753906,-2.1949920654297443,0.258754444,-0.07017222300000003
309,2019-07-07,377.2574996948242,-1.0974960327148438,0.321814444,0.06306
310,2019-07-08,376.1600036621094,-1.0974960327148438,0.21669000000000002,-0.10512444399999996
311,2019-07-09,379.92999267578125,3.769989013671875,0.25309,0.03639999999999996
312,2019-07-10,381.0,1.07000732421875,0.310435556,0.05734555600000002
313,2019-07-11,379.5,-1.5,0.32294,0.012504444000000003
314,2019-07-12,373.25,-6.25,0.41733666700000005,0.09439666700000005
315,2019-07-13,369.9250030517578,-3.3249969482421875,0.359208889,-0.058127778000000074
316,2019-07-14,368.2625045776367,-1.6624984741210938,0.23598111100000002,-0.12322777799999995
317,2019-07-15,366.6000061035156,-1.6624984741210938,0.258516667,0.022535555999999957
318,2019-07-16,365.989990234375,-0.610015869140625,0.344405556,0.08588888900000002
319,2019-07-17,362.4400024414063,-3.549987792968693,0.201288889,-0.143116667
320,2019-07-18,325.2099914550781,-37.23001098632818,0.291717778,0.09042888899999998
321,2019-07-19,315.1000061035156,-10.1099853515625,0.230316667,-0.06140111099999998
322,2019-07-20,312.86000061035156,-2.2400054931640625,0.148781111,-0.08153555600000001
323,2019-07-21,311.73999786376953,-1.1200027465820312,0.217231111,0.06845000000000001
324,2019-07-22,310.6199951171875,-1.1200027465820312,0.29434,0.07710888899999999
325,2019-07-23,307.29998779296875,-3.32000732421875,0.338272222,0.04393222200000002
326,2019-07-24,317.94000244140625,10.6400146484375,0.31829,-0.019982221999999994
327,2019-07-25,326.4599914550781,8.519989013671875,0.2735,-0.044789999999999996
328,2019-07-26,335.7799987792969,9.32000732421875,0.26352,-0.009980000000000044
329,2019-07-27,334.24000549316406,-1.5399932861328125,0.26810666699999997,0.004586666999999989
330,2019-07-28,333.47000885009766,-0.7699966430664062,0.245356667,-0.022749999999999965
331,2019-07-29,332.70001220703125,-0.7699966430664062,0.19902999999999998,-0.046326667000000016
332,2019-07-30,325.92999267578125,-6.77001953125,0.297058889,0.09802888900000001
333,2019-07-31,322.989990234375,-2.94000244140625,0.432831111,0.135772222
334,2019-08-01,319.5,-3.489990234375,0.224252222,-0.208578889
335,2019-08-02,318.8299865722656,-0.670013427734375,0.26769111100000004,0.043438889000000036
336,2019-08-03,313.22999572753906,-5.5999908447265625,0.253874444,-0.01381666700000006
337,2019-08-04,310.4300003051758,-2.7999954223632812,0.270764444,0.016890000000000016
338,2019-08-05,307.6300048828125,-2.7999954223632812,0.168112222,-0.10265222199999999
339,2019-08-06,310.1000061035156,2.470001220703125,0.337465556,0.169353334
340,2019-08-07,304.2900085449219,-5.80999755859375,0.158484444,-0.178981112
341,2019-08-08,315.8999938964844,11.6099853515625,0.240132222,0.081647778
342,2019-08-09,308.92999267578125,-6.970001220703125,0.325586667,0.08545444499999999
343,2019-08-10,309.87998962402344,0.9499969482421875,0.307722222,-0.017864445000000007
344,2019-08-11,310.35498809814453,0.47499847412109375,0.259413333,-0.048308888999999966
345,2019-08-12,310.8299865722656,0.47499847412109375,0.32369000000000003,0.06427666700000001
346,2019-08-13,312.2799987792969,1.45001220703125,0.300952222,-0.022737778000000042
347,2019-08-14,299.1099853515625,-13.170013427734375,0.148477778,-0.152474444
348,2019-08-15,295.760009765625,-3.3499755859375,0.335451111,0.18697333300000002
349,2019-08-16,302.79998779296875,7.03997802734375,0.32803000000000004,-0.00742111099999998
350,2019-08-17,306.0899963378906,3.290008544921875,0.255993333,-0.07203666700000005
351,2019-08-18,307.73500061035156,1.6450042724609375,0.381666667,0.12567333400000003
352,2019-08-19,309.3800048828125,1.6450042724609375,0.27907,-0.10259666700000003
353,2019-08-20,298.989990234375,-10.3900146484375,0.33171666699999997,0.05264666699999998
354,2019-08-21,297.80999755859375,-1.17999267578125,0.24895555600000002,-0.08276111099999994
355,2019-08-22,296.92999267578125,-0.8800048828125,0.264402222,0.015446665999999998
356,2019-08-23,291.44000244140625,-5.489990234375,0.261645556,-0.0027566660000000187
357,2019-08-24,293.2100067138672,1.7700042724609375,0.119925556,-0.14172
358,2019-08-25,294.09500885009766,0.8850021362304688,0.28691,0.166984444
359,2019-08-26,294.9800109863281,0.8850021362304688,0.19905777800000002,-0.08785222199999998
360,2019-08-27,291.0299987792969,-3.95001220703125,0.195177778,-0.0038800000000000223
361,2019-08-28,291.7699890136719,0.739990234375,0.210543333,0.015365555000000003
362,2019-08-29,296.7799987792969,5.010009765625,0.36157777799999996,0.15103444499999996
363,2019-08-30,293.75,-3.029998779296875,0.331864444,-0.02971333399999998
364,2019-08-31,291.52000427246094,-2.2299957275390625,0.313133333,-0.018731110999999967
373,2019-09-09,294.3399963378906,1.0424957275390625,0.31736,0.0
374,2019-09-10,287.989990234375,-6.350006103515625,0.275601111,-0.041758888999999966
375,2019-09-11,288.2699890136719,0.279998779296875,0.31024,0.034638889000000006
376,2019-09-12,288.8599853515625,0.589996337890625,0.380606667,0.070366667
377,2019-09-13,294.1499938964844,5.290008544921875,0.28501,-0.09559666700000002
378,2019-09-14,294.2200012207031,0.07000732421875,0.320478889,0.035468889
379,2019-09-15,294.2550048828125,0.035003662109375,0.319392222,-0.0010866669999999856
380,2019-09-16,294.2900085449219,0.035003662109375,0.164547778,-0.154844444
381,2019-09-17,298.6000061035156,4.30999755859375,0.25896444399999996,0.09441666599999995
382,2019-09-18,291.55999755859375,-7.040008544921875,0.254454444,-0.0045099999999999585
383,2019-09-19,286.6000061035156,-4.959991455078125,0.317222222,0.062767778
384,2019-09-20,270.75,-15.850006103515625,0.216576667,-0.100645555
385,2019-09-21,268.3350067138672,-2.4149932861328125,0.263145556,0.046568889
386,2019-09-22,267.1275100708008,-1.2074966430664062,0.295681111,0.032535554999999994
387,2019-09-23,265.92001342773443,-1.2074966430663494,0.289417778,-0.006263332999999982
388,2019-09-24,254.58999633789062,-11.330017089843807,0.231106667,-0.05831111100000003
389,2019-09-25,264.75,10.160003662109375,0.397834444,0.16672777700000002
390,2019-09-26,263.3099975585937,-1.4400024414063068,0.27694,-0.12089444399999999
391,2019-09-27,263.07998657226557,-0.230010986328125,0.318822222,0.04188222199999997
392,2019-09-28,265.34999084472656,2.2700042724609943,0.317265556,-0.0015566659999999843
393,2019-09-29,266.48499298095703,1.1350021362304688,0.331546667,0.014281111000000013
394,2019-09-30,267.6199951171875,1.1350021362304688,0.279144444,-0.052402223000000026
395,2019-10-01,269.57998657226557,1.9599914550780682,0.37903666700000005,0.09989222300000006
396,2019-10-02,268.02999877929693,-1.5499877929686363,0.27954555600000003,-0.09949111100000002
397,2019-10-03,268.14999389648443,0.1199951171875,0.19036,-0.08918555600000003
398,2019-10-04,272.79000854492193,4.6400146484375,0.187415556,-0.0029444439999999905
399,2019-10-05,273.625,0.8349914550780682,0.20920555600000001,0.021790000000000004
400,2019-10-06,274.04249572753906,0.4174957275390625,0.297905556,0.0887
401,2019-10-07,274.45999145507807,0.41749572753900566,0.362194444,0.06428888799999999
402,2019-10-08,270.72000122070307,-3.739990234375,0.289596667,-0.07259777700000003
403,2019-10-09,267.52999877929693,-3.1900024414061363,0.31037444399999997,0.020777776999999997
404,2019-10-10,280.48001098632807,12.950012207031136,0.33273444399999996,0.02235999999999999
405,2019-10-11,282.92999267578125,2.449981689453182,0.24046555600000002,-0.09226888799999994
406,2019-10-12,284.22999572753906,1.3000030517578125,0.207397778,-0.03306777800000002
407,2019-10-13,284.87999725341797,0.6500015258789062,0.273327778,0.06593000000000002
408,2019-10-14,285.5299987792969,0.6500015258789062,0.2979,0.024572221999999977
409,2019-10-15,284.25,-1.279998779296875,0.196083333,-0.101816667
410,2019-10-16,286.2799987792969,2.029998779296875,0.219387778,0.023304445000000007
411,2019-10-17,293.3500061035156,7.07000732421875,0.252403333,0.033015555
412,2019-10-18,275.29998779296875,-18.050018310546875,0.134225556,-0.11817777700000001
413,2019-10-19,276.67498779296875,1.375,0.23292888899999997,0.09870333299999998
414,2019-10-20,277.36248779296875,0.6875,0.402727778,0.169798889
415,2019-10-21,278.04998779296875,0.6875,0.183644444,-0.219083334
416,2019-10-22,266.69000244140625,-11.3599853515625,0.207502222,0.023857777999999996
417,2019-10-23,271.26998901367193,4.579986572265682,0.256743333,0.04924111100000003
418,2019-10-24,271.5,0.23001098632806816,0.212872222,-0.04387111100000002
419,2019-10-25,276.82000732421875,5.32000732421875,0.392291111,0.17941888900000003
420,2019-10-26,279.3399963378906,2.519989013671875,0.37481666700000005,-0.017474443999999978
421,2019-10-27,280.59999084472656,1.2599945068359375,0.307792222,-0.06702444500000004
422,2019-10-28,281.8599853515625,1.2599945068359375,0.226552222,-0.08124
423,2019-10-29,281.20999145507807,-0.6499938964844318,0.19676,-0.029792222000000007
424,2019-10-30,291.45001220703125,10.240020751953182,0.234133333,0.03737333300000001
425,2019-10-31,287.4100036621094,-4.040008544921875,0.232706667,-0.001426665999999993
426,2019-11-01,286.80999755859375,-0.600006103515625,0.328591111,0.09588444399999999
427,2019-11-02,289.8349914550781,3.024993896484375,0.311302222,-0.017288888999999974
428,2019-11-03,291.3474884033203,1.5124969482421875,0.276483333,-0.03481888900000002
429,2019-11-04,292.8599853515625,1.5124969482421875,0.19155333300000002,-0.08492999999999998
430,2019-11-05,288.0299987792969,-4.829986572265625,0.24757222199999998,0.05601888899999996
431,2019-11-06,288.5899963378906,0.55999755859375,0.238255556,-0.009316665999999973
432,2019-11-07,289.57000732421875,0.980010986328125,0.363597778,0.12534222199999998
433,2019-11-08,291.57000732421875,2.0,0.328644444,-0.034953334
434,2019-11-09,292.875,1.30499267578125,0.272173333,-0.05647111099999996
435,2019-11-10,293.5274963378906,0.652496337890625,0.334838889,0.06266555599999996
436,2019-11-11,294.17999267578125,0.652496337890625,0.24066444399999998,-0.094174445
437,2019-11-12,292.010009765625,-2.16998291015625,0.306445556,0.06578111200000003
438,2019-11-13,283.1099853515625,-8.9000244140625,0.32111888899999996,0.014673332999999955
439,2019-11-14,289.6199951171875,6.510009765625,0.264214444,-0.05690444499999997
440,2019-11-15,295.0299987792969,5.410003662109375,0.337374725,0.073160281
441,2019-11-16,298.8000030517578,3.7700042724609375,0.295805618,-0.041569106999999994
442,2019-11-17,300.6850051879883,1.8850021362304688,0.296582222,0.0007766040000000141
443,2019-11-18,302.57000732421875,1.8850021362304688,0.276424444,-0.020157778000000015
444,2019-11-19,302.6000061035156,0.029998779296875,0.29176555600000004,0.015341112000000046
445,2019-11-20,305.1600036621094,2.55999755859375,0.28572222199999997,-0.006043334000000067
446,2019-11-21,311.69000244140625,6.529998779296875,0.325597778,0.039875556000000034
447,2019-11-22,310.4800109863281,-1.209991455078125,0.351887778,0.02628999999999998
448,2019-11-23,313.01499938964844,2.5349884033203125,0.35478111100000004,0.0028933330000000534
449,2019-11-24,314.2824935913086,1.2674942016601562,0.281088889,-0.07369222200000003
450,2019-11-25,315.54998779296875,1.2674942016601562,0.291073333,0.009984443999999981
451,2019-11-26,312.489990234375,-3.05999755859375,0.19013444399999999,-0.100938889
452,2019-11-27,315.92999267578125,3.44000244140625,0.292461111,0.10232666700000001
453,2019-11-28,315.2949981689453,-0.6349945068359375,0.303594505,0.011133394000000019
454,2019-11-29,314.6600036621094,-0.6349945068359375,0.345467416,0.04187291100000001
455,2019-11-30,312.3249969482422,-2.3350067138671875,0.310241111,-0.03522630500000001
456,2019-12-01,311.1574935913086,-1.1675033569335938,0.343558889,0.033317777999999965
457,2019-12-02,309.989990234375,-1.1675033569335938,0.268281111,-0.07527777799999996
458,2019-12-03,306.1600036621094,-3.829986572265625,0.271017778,0.0027366669999999704
459,2019-12-04,304.32000732421875,-1.839996337890625,0.397471111,0.126453333
460,2019-12-05,302.8599853515625,-1.46002197265625,0.333641111,-0.06383
461,2019-12-06,307.3500061035156,4.490020751953125,0.243433333,-0.09020777799999999
462,2019-12-07,304.9250030517578,-2.4250030517578125,0.348486667,0.10505333400000003
463,2019-12-08,303.7125015258789,-1.2125015258789062,0.229086667,-0.11940000000000003
464,2019-12-09,302.5,-1.2125015258789062,0.341524444,0.11243777699999999
465,2019-12-10,293.1199951171875,-9.3800048828125,0.30626,-0.035264444000000006
466,2019-12-11,298.92999267578125,5.80999755859375,0.342578889,0.03631888900000002
467,2019-12-12,298.44000244140625,-0.489990234375,0.335562222,-0.0070166669999999765
468,2019-12-13,298.5,0.05999755859375,0.363218889,0.027656666999999968
469,2019-12-14,301.35499572753906,2.8549957275390625,0.26851222199999997,-0.09470666700000002
470,2019-12-15,302.7824935913086,1.4274978637695312,0.312335556,0.04382333400000005
471,2019-12-16,304.2099914550781,1.4274978637695312,0.31244,0.00010444399999998133
472,2019-12-17,315.4800109863281,11.27001953125,0.30457,-0.007869999999999988
473,2019-12-18,320.79998779296875,5.319976806640625,0.230061111,-0.074508889
474,2019-12-19,332.2200012207031,11.420013427734375,0.314803333,0.084742222
475,2019-12-20,336.8999938964844,4.67999267578125,0.37643222200000004,0.06162888900000002
476,2019-12-21,335.0,-1.899993896484375,0.36787444399999997,-0.008557778000000071
477,2019-12-22,334.0500030517578,-0.9499969482421875,0.25711999999999996,-0.11075444400000001
478,2019-12-23,333.1000061035156,-0.9499969482421875,0.318097778,0.06097777800000004
479,2019-12-24,333.20001220703125,0.100006103515625,0.389214444,0.071116666
480,2019-12-25,332.9150085449219,-0.285003662109375,0.36046999999999996,-0.028744444000000036
481,2019-12-26,332.6300048828125,-0.285003662109375,0.31621,-0.044259999999999966
482,2019-12-27,329.0899963378906,-3.540008544921875,0.29999000000000003,-0.016219999999999957
483,2019-12-28,326.1999969482422,-2.8899993896484375,0.360362222,0.060372221999999975
484,2019-12-29,324.75499725341797,-1.4449996948242188,0.244145556,-0.116216666
485,2019-12-30,323.30999755859375,-1.4449996948242188,0.22171,-0.022435556000000023
486,2019-12-31,323.57000732421875,0.260009765625,0.38386,0.16215
487,2020-01-01,326.69000244140625,3.1199951171875,0.418568889,0.03470888900000002
488,2020-01-02,329.80999755859375,3.1199951171875,0.308536667,-0.11003222200000001
489,2020-01-03,325.8999938964844,-3.910003662109375,0.305157778,-0.003378888999999996
490,2020-01-04,330.864990234375,4.964996337890625,0.30821333300000003,0.003055555000000043
491,2020-01-05,333.3474884033203,2.4824981689453125,0.274338889,-0.03387444400000006
492,2020-01-06,335.8299865722656,2.4824981689453125,0.27832888899999997,0.0039899999999999936
493,2020-01-07,330.75,-5.079986572265625,0.225955556,-0.052373332999999966
494,2020-01-08,339.260009765625,8.510009765625,0.274935556,0.048980000000000024
495,2020-01-09,335.6600036621094,-3.600006103515625,0.275491111,0.0005555549999999854
496,2020-01-10,329.04998779296875,-6.610015869140625,0.31251888899999997,0.037027777999999956
497,2020-01-11,333.98500061035156,4.9350128173828125,0.299713333,-0.01280555599999994
498,2020-01-12,336.45250701904297,2.4675064086914062,0.281014444,-0.018698889000000052
499,2020-01-13,338.9200134277344,2.4675064086914062,0.298461111,0.017446667000000027
500,2020-01-14,338.69000244140625,-0.230010986328125,0.304058889,0.005597777999999998
501,2020-01-15,339.07000732421875,0.3800048828125,0.253138889,-0.05092000000000002
502,2020-01-16,338.6199951171875,-0.45001220703125,0.16287222199999998,-0.090266667
503,2020-01-17,339.6700134277344,1.050018310546875,0.293618889,0.130746667
504,2020-01-18,338.88999938964844,-0.7800140380859375,0.264207778,-0.02941111099999999
505,2020-01-19,338.49999237060547,-0.39000701904296875,0.34399666700000003,0.07978888900000003
506,2020-01-20,338.304988861084,-0.19500350952148438,0.247571111,-0.09642555600000002
507,2020-01-21,338.1099853515625,-0.19500350952148438,0.257316667,0.009745555999999989
508,2020-01-22,326.0,-12.1099853515625,0.328163333,0.070846666
509,2020-01-23,349.6000061035156,23.600006103515625,0.325071111,-0.003092221999999978
510,2020-01-24,353.1600036621094,3.55999755859375,0.26240444399999996,-0.06266666700000006
511,2020-01-25,348.02000427246094,-5.1399993896484375,0.25831111100000004,-0.004093332999999921
512,2020-01-26,345.4500045776367,-2.5699996948242188,0.326814444,0.06850333299999994
513,2020-01-27,342.8800048828125,-2.5699996948242188,0.216892222,-0.10992222199999999
514,2020-01-28,348.5199890136719,5.639984130859375,0.21172444399999998,-0.005167778000000012
515,2020-01-29,343.1600036621094,-5.3599853515625,0.314954444,0.10323000000000002
516,2020-01-30,347.739990234375,4.579986572265625,0.377881111,0.06292666699999999
517,2020-01-31,345.0899963378906,-2.649993896484375,0.41903777799999997,0.04115666699999998
518,2020-02-01,351.5449981689453,6.4550018310546875,0.33992222200000005,-0.07911555599999992
519,2020-02-02,354.77249908447266,3.2275009155273438,0.373694565,0.03377234299999993
520,2020-02-03,358.0,3.2275009155273438,0.384997727,0.011303162000000033
521,2020-02-04,369.010009765625,11.010009765625,0.250267778,-0.13472994900000002
522,2020-02-05,369.6700134277344,0.660003662109375,0.323996667,0.07372888900000002
523,2020-02-06,366.95001220703125,-2.720001220703125,0.33676333299999994,0.012766665999999927
524,2020-02-07,366.7699890136719,-0.180023193359375,0.285966667,-0.050796665999999935
525,2020-02-08,368.9199981689453,2.1500091552734375,0.275398889,-0.010567778000000028
526,2020-02-09,369.99500274658203,1.0750045776367188,0.214356667,-0.06104222199999998
527,2020-02-10,371.0700073242188,1.0750045776367756,0.35321555600000004,0.13885888900000004
528,2020-02-11,373.6900024414063,2.6199951171875,0.324551111,-0.02866444500000004
529,2020-02-12,380.010009765625,6.320007324218693,0.36452888899999997,0.039977777999999964
530,2020-02-13,381.3999938964844,1.389984130859375,0.30096666699999997,-0.063562222
531,2020-02-14,380.3999938964844,-1.0,0.298835556,-0.0021311109999999633
532,2020-02-15,384.0899963378906,3.69000244140625,0.31617888899999996,0.01734333299999996
533,2020-02-16,385.93499755859375,1.845001220703125,0.31436222199999997,-0.001816666999999994
534,2020-02-17,386.8574981689453,0.9225006103515625,0.392256667,0.07789444500000003
535,2020-02-18,387.7799987792969,0.9225006103515625,0.34889444399999997,-0.04336222300000003
536,2020-02-19,386.1900024414063,-1.5899963378905682,0.346432222,-0.0024622219999999584
537,2020-02-20,386.0,-0.19000244140630684,0.31911666699999996,-0.027315555000000047
538,2020-02-21,380.0700073242188,-5.929992675781193,0.29028333300000003,-0.028833333999999933
539,2020-02-22,374.385009765625,-5.684997558593807,0.25442,-0.03586333300000005
540,2020-02-23,371.5425109863281,-2.842498779296875,0.191486667,-0.06293333299999998
541,2020-02-24,368.70001220703125,-2.842498779296875,0.274688889,0.08320222199999999
542,2020-02-25,360.0899963378906,-8.610015869140625,0.31528,0.04059111100000001
543,2020-02-26,379.239990234375,19.149993896484375,0.274758889,-0.040521111
544,2020-02-27,371.7099914550781,-7.529998779296875,0.29843000000000003,0.023671111000000022
545,2020-02-28,369.0299987792969,-2.67999267578125,0.23779888899999999,-0.06063111100000004
546,2020-02-29,375.0399932861328,6.0099945068359375,0.273881111,0.036082222000000025
547,2020-03-01,378.0449905395508,3.0049972534179688,0.23615333300000002,-0.03772777799999999
548,2020-03-02,381.0499877929688,3.0049972534180256,0.30485,0.06869666699999999
549,2020-03-03,368.7699890136719,-12.279998779296932,0.26551444399999996,-0.03933555600000005
550,2020-03-04,383.7900085449219,15.02001953125,0.283963333,0.018448889000000024
551,2020-03-05,372.7799987792969,-11.010009765625,0.263437778,-0.020525554999999973
552,2020-03-06,368.9700012207031,-3.80999755859375,0.35057,0.08713222199999998
553,2020-03-07,357.72999572753906,-11.240005493164062,0.312053333,-0.038516667000000004
554,2020-03-08,352.10999298095703,-5.620002746582031,0.34862666700000006,0.03657333400000007
555,2020-03-09,346.489990234375,-5.620002746582031,0.294793333,-0.053833334000000066
556,2020-03-10,364.1300048828125,17.6400146484375,0.268262222,-0.026531110999999996
557,2020-03-11,349.9200134277344,-14.209991455078125,0.306282222,0.03802
558,2020-03-12,315.25,-34.670013427734375,0.22496333300000002,-0.08131888899999998
559,2020-03-13,336.29998779296875,21.04998779296875,0.283393333,0.05843000000000001
560,2020-03-14,317.5699920654297,-18.729995727539062,0.29374888899999996,0.010355555999999932
561,2020-03-15,308.20499420166016,-9.364997863769531,0.287856667,-0.005892221999999947
562,2020-03-16,298.8399963378906,-9.364997863769531,0.30447777800000003,0.01662111100000002
563,2020-03-17,319.75,20.910003662109375,0.321884444,0.01740666599999996
564,2020-03-18,315.4700012207031,-4.279998779296875,0.315058889,-0.006825554999999983
565,2020-03-19,332.0299987792969,16.55999755859375,0.243305556,-0.071753333
566,2020-03-20,332.8299865722656,0.79998779296875,0.320952222,0.077646666
567,2020-03-21,346.54998779296875,13.720001220703125,0.279787778,-0.04116444400000002
568,2020-03-22,353.4099884033203,6.8600006103515625,0.21068777800000002,-0.06909999999999997
569,2020-03-23,360.2699890136719,6.8600006103515625,0.24713000000000002,0.036442221999999996
570,2020-03-24,357.32000732421875,-2.949981689453125,0.206516667,-0.04061333300000003
571,2020-03-25,342.3900146484375,-14.92999267578125,0.24756555600000002,0.04104888900000003
572,2020-03-26,362.989990234375,20.5999755859375,0.160624444,-0.08694111200000001
573,2020-03-27,357.1199951171875,-5.8699951171875,0.219272222,0.058647777999999984
574,2020-03-28,364.0399932861328,6.9199981689453125,0.186715556,-0.032556665999999984
575,2020-03-29,367.49999237060547,3.4599990844726562,0.21276555600000002,0.026050000000000018
576,2020-03-30,370.9599914550781,3.4599990844726562,0.27429444399999997,0.06152888799999995
577,2020-03-31,375.5,4.540008544921875,0.319264444,0.04497000000000001
578,2020-04-01,364.0799865722656,-11.420013427734375,0.273193333,-0.046071111
579,2020-04-02,370.0799865722656,6.0,0.255598889,-0.017594443999999987
580,2020-04-03,361.760009765625,-8.319976806640625,0.267208889,0.01161000000000001
581,2020-04-04,370.86000061035156,9.099990844726562,0.22988555600000002,-0.037323332999999986
582,2020-04-05,375.40999603271484,4.549995422363281,0.266164444,0.03627888799999998
583,2020-04-06,379.9599914550781,4.549995422363281,0.281131111,0.014966666999999989
584,2020-04-07,372.2799987792969,-7.67999267578125,0.297017778,0.01588666700000002
585,2020-04-08,371.1199951171875,-1.160003662109375,0.25801999999999997,-0.03899777800000004
586,2020-04-09,370.7200012207031,-0.399993896484375,0.288423333,0.030403333000000032
587,2020-04-10,383.7200012207031,13.0,0.301752222,0.01332888900000001
588,2020-04-11,390.2200012207031,6.5,0.317495556,0.015743333999999998
589,2020-04-12,393.4700012207031,3.25,0.297176667,-0.020318889000000007
590,2020-04-13,396.7200012207031,3.25,0.276331111,-0.020845555999999987
591,2020-04-14,413.5499877929688,16.829986572265682,0.19554888899999998,-0.08078222200000004
592,2020-04-15,426.75,13.200012207031193,0.318106667,0.12255777800000003
593,2020-04-16,439.1700134277344,12.420013427734375,0.284314444,-0.03379222300000001
594,2020-04-17,422.9599914550781,-16.21002197265625,0.246122222,-0.038192222
595,2020-04-18,430.22499084472656,7.2649993896484375,0.41382444399999996,0.16770222199999996
596,2020-04-19,433.8574905395508,3.6324996948242188,0.277914444,-0.13590999999999998
597,2020-04-20,437.489990234375,3.6324996948242188,0.238957778,-0.03895666599999997
598,2020-04-21,433.8299865722656,-3.660003662109375,0.294493333,0.055535555000000014
599,2020-04-22,421.4200134277344,-12.40997314453125,0.279147778,-0.01534555500000001
600,2020-04-23,426.70001220703125,5.279998779296875,0.317112222,0.037964443999999986
601,2020-04-24,424.989990234375,-1.71002197265625,0.363454444,0.04634222199999999
602,2020-04-25,423.18499755859375,-1.80499267578125,0.24205222199999998,-0.121402222
603,2020-04-26,422.2825012207031,-0.902496337890625,0.33145555600000004,0.08940333400000006
604,2020-04-27,421.3800048828125,-0.902496337890625,0.335246667,0.003791110999999958
605,2020-04-28,403.8299865722656,-17.550018310546875,0.34809,0.012843333000000012
606,2020-04-29,411.8900146484375,8.060028076171875,0.332852222,-0.015237778000000035
607,2020-04-30,419.8500061035156,7.959991455078125,0.26550555600000003,-0.06734666599999994
608,2020-05-01,415.2699890136719,-4.58001708984375,0.28845,0.022944443999999953
609,2020-05-02,421.7099914550781,6.44000244140625,0.35452,0.06607000000000002
610,2020-05-03,424.92999267578125,3.220001220703125,0.30788000000000004,-0.04663999999999996
611,2020-05-04,428.1499938964844,3.220001220703125,0.34576555600000003,0.03788555599999999
612,2020-05-05,424.67999267578125,-3.470001220703125,0.32861555600000003,-0.01715
613,2020-05-06,434.260009765625,9.58001708984375,0.320596667,-0.008018889000000029
614,2020-05-07,436.5299987792969,2.269989013671875,0.266815556,-0.05378111099999999
615,2020-05-08,435.5499877929688,-0.9800109863280682,0.278941111,0.01212555500000001
616,2020-05-09,438.0349884033203,2.4850006103515057,0.42244666700000005,0.14350555600000003
617,2020-05-10,439.2774887084961,1.2425003051757812,0.295074444,-0.12737222300000006
618,2020-05-11,440.5199890136719,1.2425003051757812,0.27587,-0.019204443999999987
619,2020-05-12,431.8200073242188,-8.699981689453068,0.350791111,0.07492111099999998
620,2020-05-13,438.2699890136719,6.449981689453068,0.32217555600000003,-0.02861555499999996
621,2020-05-14,441.95001220703125,3.680023193359375,0.185902222,-0.13627333400000002
622,2020-05-15,454.1900024414063,12.239990234375057,0.259562222,0.07366
623,2020-05-16,453.38499450683594,-0.8050079345703693,0.35467666700000006,0.09511444500000005
624,2020-05-17,452.9824905395508,-0.40250396728515625,0.341575556,-0.013101111000000054
625,2020-05-18,452.5799865722656,-0.40250396728515625,0.292462222,-0.04911333400000001
626,2020-05-19,451.0400085449219,-1.53997802734375,0.276872222,-0.015589999999999993
627,2020-05-20,447.6700134277344,-3.3699951171875,0.28472444399999997,0.007852221999999964
628,2020-05-21,436.25,-11.420013427734375,0.305152222,0.020427778000000008
629,2020-05-22,429.3200073242188,-6.929992675781193,0.314491111,0.009338889000000017
630,2020-05-23,422.0449981689453,-7.275009155273494,0.227517778,-0.08697333299999999
631,2020-05-24,418.4074935913086,-3.6375045776367188,0.429796667,0.20227888900000002
632,2020-05-25,416.58874130249023,-1.8187522888183594,0.33737777799999996,-0.09241888900000006
633,2020-05-26,414.7699890136719,-1.8187522888183594,0.35517666700000006,0.017798889000000095
634,2020-05-27,419.8900146484375,5.120025634765625,0.261802222,-0.09337444500000008
635,2020-05-28,413.4400024414063,-6.450012207031193,0.33999555600000003,0.07819333400000006
636,2020-05-29,419.7300109863281,6.290008544921818,0.323665556,-0.01633000000000001
637,2020-05-30,422.82501220703125,3.095001220703125,0.341023333,0.017357776999999963
638,2020-05-31,424.3725128173828,1.5475006103515625,0.20720333300000002,-0.13381999999999997
639,2020-06-01,425.9200134277344,1.5475006103515625,0.19402111100000002,-0.013182221999999993
640,2020-06-02,427.30999755859375,1.389984130859375,0.19970222199999998,0.005681110999999961
641,2020-06-03,421.9700012207031,-5.339996337890625,0.209282222,0.009580000000000005
642,2020-06-04,414.3299865722656,-7.6400146484375,0.22069888899999998,0.011416666999999991
643,2020-06-05,419.6000061035156,5.27001953125,0.256,0.035301111000000024
644,2020-06-06,419.5449981689453,-0.0550079345703125,0.306561111,0.05056111099999999
645,2020-06-07,419.51749420166016,-0.02750396728515625,0.275528889,-0.031032221999999998
646,2020-06-08,419.489990234375,-0.02750396728515625,0.284021111,0.008492221999999994
647,2020-06-09,434.0499877929688,14.559997558593807,0.243686667,-0.040334444
648,2020-06-10,434.4800109863281,0.43002319335931816,0.265426667,0.02174000000000001
649,2020-06-11,425.55999755859375,-8.920013427734375,0.24225333300000002,-0.02317333399999999
650,2020-06-12,418.0700073242188,-7.489990234374943,0.27612111100000003,0.033867778000000015
651,2020-06-13,421.7850036621094,3.714996337890568,0.254312222,-0.021808889000000053
652,2020-06-14,423.6425018310547,1.8574981689453125,0.320261111,0.06594888900000001
653,2020-06-15,425.5,1.8574981689453125,0.356598889,0.03633777799999999
654,2020-06-16,436.1300048828125,10.6300048828125,0.182986667,-0.17361222199999998
655,2020-06-17,447.7699890136719,11.639984130859375,0.216897778,0.03391111100000002
656,2020-06-18,449.8699951171875,2.100006103515625,0.31501999999999997,0.09812222199999995
657,2020-06-19,453.7200012207031,3.850006103515625,0.325076667,0.010056667000000019
658,2020-06-20,460.8800048828125,7.160003662109375,0.242846667,-0.08223
659,2020-06-21,464.4600067138672,3.5800018310546875,0.325975556,0.08312888900000001
660,2020-06-22,468.0400085449219,3.5800018310546875,0.253422222,-0.07255333400000002
661,2020-06-23,466.260009765625,-1.779998779296875,0.244997778,-0.008424443999999975
662,2020-06-24,457.8500061035156,-8.410003662109375,0.384166667,0.13916888900000002
663,2020-06-25,465.9100036621094,8.05999755859375,0.30680999999999997,-0.07735666700000005
664,2020-06-26,443.3999938964844,-22.510009765625,0.314413333,0.007603333000000045
665,2020-06-27,445.3199920654297,1.9199981689453125,0.313836667,-0.0005766660000000035
666,2020-06-28,446.27999114990234,0.9599990844726562,0.287534444,-0.026302223000000013
667,2020-06-29,447.239990234375,0.9599990844726562,0.285748889,-0.0017855549999999942
668,2020-06-30,455.0400085449219,7.800018310546875,0.33969222200000004,0.05394333300000004
669,2020-07-01,485.6400146484375,30.600006103515625,0.33446444399999997,-0.005227778000000072
670,2020-07-02,476.8900146484375,-8.75,0.251874444,-0.08259
671,2020-07-03,485.3500061035156,8.459991455078125,0.23290888899999998,-0.018965554999999995
672,2020-07-04,489.5800018310547,4.2299957275390625,0.266481111,0.03357222200000001
673,2020-07-05,491.6949996948242,2.1149978637695312,0.244408889,-0.022072222000000002
674,2020-07-06,493.80999755859375,2.1149978637695312,0.140047778,-0.10436111099999998
675,2020-07-07,493.1600036621094,-0.649993896484375,0.202742222,0.06269444399999999
676,2020-07-08,502.7799987792969,9.6199951171875,0.30318,0.100437778
677,2020-07-09,507.760009765625,4.980010986328125,0.31171111100000004,0.008531111000000036
678,2020-07-10,548.72998046875,40.969970703125,0.302056667,-0.00965444400000004
679,2020-07-11,537.114990234375,-11.614990234375,0.456488889,0.154432222
680,2020-07-12,531.3074951171875,-5.8074951171875,0.356685556,-0.099803333
681,2020-07-13,525.5,-5.8074951171875,0.284712222,-0.071973334
682,2020-07-14,524.8800048828125,-0.6199951171875,0.28563,0.0009177779999999802
683,2020-07-15,523.260009765625,-1.6199951171875,0.28284111100000003,-0.002788888999999961
684,2020-07-16,527.3900146484375,4.1300048828125,0.255721111,-0.027120000000000033
685,2020-07-17,492.989990234375,-34.4000244140625,0.22786555600000002,-0.027855554999999976
686,2020-07-18,497.6999969482422,4.7100067138671875,0.310946667,0.08308111099999999
687,2020-07-19,500.0550003051758,2.3550033569335938,0.27917444399999997,-0.031772223000000044
688,2020-07-20,502.4100036621094,2.3550033569335938,0.269198889,-0.00997555499999997
689,2020-07-21,490.1000061035156,-12.30999755859375,0.266745556,-0.002453333000000002
690,2020-07-22,489.8200073242188,-0.27999877929681816,0.230022222,-0.036723333999999996
691,2020-07-23,477.5799865722656,-12.240020751953182,0.273751111,0.04372888899999999
692,2020-07-24,480.45001220703125,2.870025634765625,0.34096222200000004,0.06721111100000005
693,2020-07-25,488.0500030517578,7.5999908447265625,0.269916667,-0.07104555500000004
694,2020-07-26,491.8499984741211,3.7999954223632812,0.302517778,0.032601111000000016
695,2020-07-27,495.6499938964844,3.7999954223632812,0.239285556,-0.063232222
696,2020-07-28,488.510009765625,-7.139984130859375,0.36637,0.12708444399999996
697,2020-07-29,484.4800109863281,-4.029998779296875,0.219337778,-0.14703222199999996
698,2020-07-30,485.7999877929688,1.3199768066406818,0.274933333,0.05559555499999999
699,2020-07-31,488.8800048828125,3.080017089843693,0.303741111,0.028807778000000006
700,2020-08-01,493.75,4.8699951171875,0.30542555600000004,0.0016844450000000344
701,2020-08-02,496.18499755859375,2.43499755859375,0.277397778,-0.02802777800000006
702,2020-08-03,498.6199951171875,2.43499755859375,0.16548,-0.111917778
703,2020-08-04,509.6400146484375,11.02001953125,0.327416667,0.161936667
704,2020-08-05,502.1099853515625,-7.530029296875,0.322384444,-0.005032223000000002
705,2020-08-06,509.0799865722656,6.970001220703125,0.341722222,0.019337778000000028
706,2020-08-07,494.7300109863281,-14.3499755859375,0.38225,0.04052777799999996
707,2020-08-08,489.0550079345703,-5.6750030517578125,0.288287778,-0.09396222199999998
708,2020-08-09,486.2175064086914,-2.8375015258789062,0.328982222,0.040694443999999996
709,2020-08-10,483.3800048828125,-2.8375015258789062,0.31997111100000003,-0.00901111099999996
710,2020-08-11,466.92999267578125,-16.45001220703125,0.333098889,0.013127777999999979
711,2020-08-12,475.4700012207031,8.540008544921875,0.265298889,-0.06780000000000003
712,2020-08-13,481.3299865722656,5.8599853515625,0.23162888899999998,-0.033670000000000005
713,2020-08-14,482.67999267578125,1.350006103515625,0.29342777800000003,0.06179888900000005
714,2020-08-15,482.51499938964844,-0.1649932861328125,0.222946667,-0.07048111100000004
715,2020-08-16,482.43250274658203,-0.08249664306640625,0.21766,-0.005286666999999995
716,2020-08-17,482.3500061035156,-0.08249664306640625,0.32578888899999997,0.10812888899999998
717,2020-08-18,491.8699951171875,9.519989013671875,0.286405556,-0.039383332999999965
718,2020-08-19,484.5299987792969,-7.339996337890625,0.242202222,-0.04420333400000001
719,2020-08-20,497.8999938964844,13.3699951171875,0.263356667,0.021154444999999994
720,2020-08-21,492.30999755859375,-5.589996337890625,0.167711111,-0.09564555599999999
721,2020-08-22,490.55999755859375,-1.75,0.26421,0.096498889
722,2020-08-23,489.68499755859375,-0.875,0.26194888899999996,-0.002261111000000038
723,2020-08-24,488.80999755859375,-0.875,0.137005556,-0.12494333299999996
724,2020-08-25,490.5799865722656,1.769989013671875,0.30632,0.16931444399999998
725,2020-08-26,547.530029296875,56.950042724609375,0.252498889,-0.05382111099999998
726,2020-08-27,526.27001953125,-21.260009765625,0.258766667,0.006267778000000002
727,2020-08-28,523.8900146484375,-2.3800048828125,0.382967778,0.12420111099999998
728,2020-08-29,526.7250061035156,2.834991455078125,0.35815666700000004,-0.02481111099999994
729,2020-08-30,528.1425018310547,1.4174957275390625,0.273686667,-0.08447000000000005
730,2020-08-31,529.5599975585939,1.4174957275391762,0.343372222,0.06968555500000001
731,2020-09-01,556.5499877929689,26.989990234375,0.21806999999999999,-0.12530222200000002
732,2020-09-01,556.5499877929689,26.989990234375,0.21238444399999998,-0.005685556000000008
733,2020-09-02,552.8400268554689,-3.7099609375,0.22025888899999999,0.007874445000000008
734,2020-09-02,552.8400268554689,-3.7099609375,0.233471111,0.013212222000000023
735,2020-09-03,525.75,-27.090026855468864,0.30814222199999997,0.07467111099999996
736,2020-09-03,525.75,-27.090026855468864,0.321851111,0.013708889000000057
737,2020-09-04,516.0499877929689,-9.700012207031136,0.326597778,0.004746666999999982
738,2020-09-04,516.0499877929689,-9.700012207031136,0.330032222,0.003434443999999981
739,2020-09-05,511.53498840332037,-4.514999389648494,0.204757778,-0.12527444399999998
740,2020-09-05,511.53498840332037,-4.514999389648494,0.222592222,0.017834444000000005
741,2020-09-06,509.2774887084961,-2.2574996948242756,0.319214444,0.09662222199999998
742,2020-09-06,509.2774887084961,-2.2574996948242756,0.283246667,-0.03596777699999998
743,2020-09-07,508.148738861084,-1.1287498474121094,0.323693333,0.04044666600000002
744,2020-09-07,508.148738861084,-1.1287498474121094,0.314592222,-0.00910111100000005
745,2020-09-08,507.0199890136719,-1.1287498474121094,0.266103333,-0.04848888899999998
746,2020-09-08,507.0199890136719,-1.1287498474121094,0.26947,0.00336666699999999
747,2020-09-09,500.1900024414063,-6.829986572265568,0.251071111,-0.018398888999999974
748,2020-09-09,500.1900024414063,-6.829986572265568,0.265628889,0.014557777999999966
749,2020-09-10,480.6700134277344,-19.519989013671932,0.20990555600000002,-0.05572333299999996
750,2020-09-11,482.0299987792969,1.3599853515625,0.063641111,-0.14626444500000002
751,2020-09-12,479.14500427246094,-2.8849945068359375,0.159294444,0.09565333300000001
752,2020-09-13,477.70250701904297,-1.4424972534179688,0.29511111100000004,0.13581666700000003
753,2020-09-14,476.260009765625,-1.4424972534179688,0.192992222,-0.10211888900000005
754,2020-09-15,495.989990234375,19.72998046875,0.178976667,-0.014015554999999985
755,2020-09-16,483.8599853515625,-12.1300048828125,0.162191111,-0.016785556000000007
756,2020-09-17,470.20001220703125,-13.65997314453125,0.141528889,-0.020662222000000008
757,2020-09-18,469.9599914550781,-0.240020751953125,0.209523333,0.06799444400000001
758,2020-09-19,478.6549987792969,8.69500732421875,0.2447,0.035176666999999995
759,2020-09-20,483.00250244140625,4.347503662109375,0.257291111,0.012591111000000016
760,2020-09-21,487.3500061035156,4.347503662109375,0.26316888899999996,0.005877777999999945
761,2020-09-22,491.1700134277344,3.82000732421875,0.34181999999999996,0.078651111
762,2020-09-23,470.6099853515625,-20.560028076171875,0.28791,-0.05390999999999996
763,2020-09-24,473.0799865722656,2.470001220703125,0.32264111100000004,0.03473111100000004
764,2020-09-25,482.8800048828125,9.800018310546875,0.309766667,-0.01287444400000004
765,2020-09-26,486.76499938964844,3.8849945068359375,0.196203333,-0.11356333399999999
766,2020-09-27,488.7074966430664,1.9424972534179688,0.203443333,0.0072399999999999964
767,2020-09-28,490.6499938964844,1.9424972534179688,0.127983333,-0.07546
768,2020-09-29,493.4800109863281,2.83001708984375,0.285073333,0.15708999999999998
769,2020-09-30,500.0299987792969,6.54998779296875,0.250293333,-0.03477999999999998
770,2020-10-01,527.510009765625,27.480010986328125,0.106405556,-0.143887777
771,2020-10-02,503.05999755859375,-24.45001220703125,0.143882222,0.037476666000000006
772,2020-10-03,511.8550109863281,8.795013427734375,0.301888889,0.158006667
773,2020-10-04,516.2525177001953,4.3975067138671875,0.208725556,-0.09316333299999999
774,2020-10-05,520.6500244140625,4.3975067138671875,0.136578889,-0.072146667
775,2020-10-06,505.8699951171875,-14.780029296875,0.322491111,0.185912222
776,2020-10-07,534.6599731445311,28.789978027343636,0.293231111,-0.029260000000000008
777,2020-10-08,531.7899780273439,-2.8699951171872726,0.307956667,0.014725556000000029
778,2020-10-09,539.4400024414061,7.650024414062273,0.25637,-0.05158666700000003
779,2020-10-10,539.625,0.1849975585938637,0.19232666699999998,-0.06404333300000001
780,2020-10-11,539.7174987792969,0.092498779296875,0.22819555600000002,0.03586888900000004
781,2020-10-12,539.8099975585939,0.09249877929698869,0.279654444,0.05145888799999998
782,2020-10-13,554.0900268554689,14.280029296875,0.33228,0.05262555600000002
783,2020-10-14,541.4500122070311,-12.640014648437727,0.231317778,-0.10096222200000002
784,2020-10-15,541.9400024414061,0.489990234375,0.23065333300000002,-0.0006644449999999857
785,2020-10-16,530.7899780273439,-11.150024414062273,0.335086667,0.10443333399999999
786,2020-10-17,530.7549743652344,-0.03500366210948869,0.356712222,0.02162555500000002
787,2020-10-18,530.7374725341797,-0.0175018310546875,0.266772222,-0.08994000000000002
788,2020-10-19,530.719970703125,-0.0175018310546875,0.18876444399999998,-0.07800777800000003
789,2020-10-20,525.4199829101561,-5.299987792968864,0.36069888899999997,0.171934445
790,2020-10-21,489.0499877929688,-36.36999511718733,0.318881111,-0.04181777799999997
791,2020-10-22,485.2300109863281,-3.819976806640682,0.26466999999999996,-0.054211111000000034
792,2020-10-23,488.2799987792969,3.04998779296875,0.214748889,-0.04992111099999996
793,2020-10-24,488.25999450683594,-0.0200042724609375,0.26816888899999997,0.05341999999999997
794,2020-10-25,488.24999237060547,-0.01000213623046875,0.276807778,0.008638889000000038
795,2020-10-26,488.239990234375,-0.01000213623046875,0.274664444,-0.0021433339999999967
796,2020-10-27,488.92999267578125,0.69000244140625,0.266323333,-0.008341111000000012
797,2020-10-28,486.239990234375,-2.69000244140625,0.284505556,0.018182222999999997
798,2020-10-29,504.2099914550781,17.970001220703125,0.23945111100000002,-0.04505444499999997
799,2020-10-30,475.739990234375,-28.470001220703125,0.29115555600000004,0.051704445000000016
800,2020-10-31,479.92999267578125,4.19000244140625,0.211327778,-0.07982777800000004
801,2020-11-01,482.0249938964844,2.095001220703125,0.274653333,0.063325555
802,2020-11-02,484.1199951171875,2.095001220703125,0.35439666700000005,0.07974333400000005
803,2020-11-03,487.2200012207031,3.100006103515625,0.26557222199999997,-0.08882444500000009
804,2020-11-04,496.95001220703125,9.730010986328125,0.314216667,0.048644445000000036
805,2020-11-05,513.760009765625,16.80999755859375,0.22050555600000002,-0.09371111099999999
806,2020-11-06,514.72998046875,0.969970703125,0.341986667,0.121481111
807,2020-11-07,492.614990234375,-22.114990234375,0.36418777799999996,0.02220111099999994
808,2020-11-08,481.5574951171875,-11.0574951171875,0.32402222199999997,-0.04016555599999999
809,2020-11-09,470.5,-11.0574951171875,0.33396444399999997,0.009942222
810,2020-11-10,480.239990234375,9.739990234375,0.29072,-0.04324444399999999
811,2020-11-11,490.760009765625,10.52001953125,0.295371111,0.004651111000000041
812,2020-11-12,486.7699890136719,-3.990020751953125,0.292851111,-0.0025200000000000222
813,2020-11-13,482.8399963378906,-3.92999267578125,0.35749000000000003,0.06463888900000003
814,2020-11-14,480.9700012207031,-1.8699951171875,0.308131111,-0.04935888900000002
815,2020-11-15,480.0350036621094,-0.93499755859375,0.297898889,-0.010232222000000013
816,2020-11-16,479.1000061035156,-0.93499755859375,0.271985556,-0.025913332999999983
817,2020-11-17,480.6300048828125,1.529998779296875,0.341908889,0.06992333299999998
818,2020-11-18,481.7900085449219,1.160003662109375,0.427004444,0.08509555499999999
819,2020-11-19,484.6700134277344,2.8800048828125,0.291074444,-0.13593
820,2020-11-20,488.239990234375,3.569976806640625,0.341991111,0.05091666700000003
821,2020-11-21,482.42999267578125,-5.80999755859375,0.36757333299999995,0.025582221999999932
822,2020-11-22,479.5249938964844,-2.904998779296875,0.280888889,-0.08668444399999997
823,2020-11-23,476.6199951171875,-2.904998779296875,0.252936667,-0.02795222199999997
824,2020-11-24,482.8800048828125,6.260009765625,0.35046222200000005,0.09752555500000004
825,2020-11-25,485.0,2.1199951171875,0.319425556,-0.031036666000000046
826,2020-11-26,488.17999267578125,3.17999267578125,0.286914444,-0.03251111200000001
827,2020-11-27,491.3599853515625,3.17999267578125,0.333085556,0.046171112000000014
828,2020-11-28,491.0299987792969,-0.329986572265625,0.326488889,-0.0065966670000000005
829,2020-11-29,490.86500549316406,-0.1649932861328125,0.327275556,0.0007866670000000187
830,2020-11-30,490.70001220703125,-0.1649932861328125,0.32253111100000004,-0.004744444999999986
831,2020-12-01,504.5799865722656,13.879974365234375,0.35218,0.029648888999999956
832,2020-12-02,503.3800048828125,-1.199981689453125,0.31097555600000004,-0.04120444399999995
833,2020-12-03,497.5199890136719,-5.860015869140625,0.214766667,-0.09620888900000005
834,2020-12-04,498.30999755859375,0.790008544921875,0.27562111100000003,0.060854444000000035
835,2020-12-05,507.0450134277344,8.735015869140625,0.307586667,0.03196555599999995
836,2020-12-06,511.4125213623047,4.3675079345703125,0.307971111,0.0003844440000000393
837,2020-12-07,515.780029296875,4.3675079345703125,0.17710555600000003,-0.130865555
838,2020-12-08,512.6599731445311,-3.1200561523438637,0.310062222,0.13295666599999997
839,2020-12-09,493.6000061035156,-19.05996704101551,0.31371111100000004,0.003648889000000044
840,2020-12-10,501.0899963378906,7.489990234375,0.289461111,-0.02425000000000005
841,2020-12-11,503.2200012207031,2.1300048828125,0.36501888899999996,0.07555777799999996
842,2020-12-12,512.8199920654297,9.599990844726562,0.34165333299999995,-0.02336555600000001
843,2020-12-13,517.619987487793,4.799995422363281,0.311785556,-0.02986777699999993
844,2020-12-14,522.4199829101561,4.799995422363168,0.339533333,0.027747776999999973
845,2020-12-15,519.780029296875,-2.6399536132811363,0.20185555600000002,-0.13767777699999997
846,2020-12-16,524.8300170898439,5.049987792968864,0.344865556,0.14301
847,2020-12-17,532.9000244140625,8.070007324218636,0.28418000000000004,-0.060685555999999974
848,2020-12-18,534.4500122070311,1.5499877929686363,0.36006,0.07587999999999995
849,2020-12-19,531.6799926757811,-2.77001953125,0.288932222,-0.07112777799999997
850,2020-12-20,530.2949829101561,-1.385009765625,0.28563,-0.0033022220000000213
851,2020-12-21,528.9099731445311,-1.385009765625,0.28460777800000003,-0.0010222219999999616
852,2020-12-22,527.3300170898439,-1.5799560546872726,0.306228889,0.02162111099999997
853,2020-12-23,514.47998046875,-12.850036621093864,0.26097,-0.045258889000000024
854,2020-12-24,513.969970703125,-0.510009765625,0.33720222200000005,0.07623222200000007
855,2020-12-25,516.5449829101562,2.57501220703125,0.31107555600000003,-0.02612666600000002
856,2020-12-26,517.8324890136719,1.287506103515625,0.327087778,0.016012221999999965
857,2020-12-27,518.4762420654297,0.6437530517578125,0.34084444399999997,0.013756665999999973
858,2020-12-28,519.1199951171875,0.6437530517578125,0.274693333,-0.06615111099999998
859,2020-12-29,530.8699951171875,11.75,0.30153555600000004,0.026842223000000054
860,2020-12-30,524.5900268554689,-6.279968261718636,0.383946667,0.08241111099999998
861,2020-12-31,540.72998046875,16.139953613281136,0.42722111100000004,0.04327444400000002
862,2021-01-01,531.7949829101562,-8.93499755859375,0.33329000000000003,-0.09393111100000001
863,2021-01-02,527.3274841308594,-4.467498779296875,0.22159555600000003,-0.111694444
864,2021-01-03,525.0937347412109,-2.2337493896484375,0.308393333,0.08679777699999996
865,2021-01-04,522.8599853515625,-2.2337493896484375,0.321882222,0.013488889000000004
866,2021-01-05,520.7999877929689,-2.0599975585936363,0.295876667,-0.026005555000000014
867,2021-01-06,500.489990234375,-20.309997558593864,0.26427,-0.03160666699999998
868,2021-01-07,508.8900146484375,8.4000244140625,0.25991222199999997,-0.004357778000000034
869,2021-01-08,510.3999938964844,1.509979248046875,0.338811111,0.07889888900000003
870,2021-01-09,504.75,-5.649993896484375,0.293582222,-0.045228888999999994
871,2021-01-10,501.9250030517578,-2.8249969482421875,0.269511111,-0.02407111099999998
872,2021-01-11,499.1000061035156,-2.8249969482421875,0.372933333,0.10342222199999995
873,2021-01-12,494.25,-4.850006103515625,0.264793333,-0.10813999999999996
874,2021-01-13,507.7900085449219,13.540008544921875,0.293374444,0.028581110999999992
875,2021-01-14,500.8599853515625,-6.930023193359375,0.308105556,0.01473111199999999
876,2021-01-15,497.9800109863281,-2.879974365234375,0.30037444399999996,-0.00773111200000004
877,2021-01-16,499.875,1.894989013671875,0.284586667,-0.015787776999999947
878,2021-01-17,500.82249450683594,0.9474945068359375,0.296414444,0.011827776999999984
879,2021-01-18,501.2962417602539,0.47374725341796875,0.279493333,-0.01692111099999999
880,2021-01-19,501.7699890136719,0.47374725341796875,0.21974444399999998,-0.05974888900000003
881,2021-01-20,586.3400268554688,84.57003784179688,0.264114444,0.04437000000000002
882,2021-01-21,579.8400268554688,-6.5,0.268254444,0.004139999999999977
883,2021-01-22,565.1699829101562,-14.6700439453125,0.411903333,0.143648889
884,2021-01-23,560.9750061035156,-4.194976806640625,0.328692222,-0.083211111
885,2021-01-24,558.8775177001953,-2.0974884033203125,0.31459333300000003,-0.014098888999999948
886,2021-01-25,556.780029296875,-2.0974884033203125,0.252397778,-0.06219555500000001
887,2021-01-26,561.9299926757811,5.149963378906136,0.297736667,0.04533888899999999
888,2021-01-27,523.280029296875,-38.649963378906136,0.265542222,-0.032194445000000016
889,2021-01-28,538.5999755859375,15.3199462890625,0.39869111100000004,0.13314888900000005
890,2021-01-29,532.3900146484375,-6.2099609375,0.347321111,-0.05137000000000003
891,2021-01-30,535.7149963378906,3.324981689453125,0.403706667,0.056385556
892,2021-01-31,537.3774871826172,1.6624908447265625,0.30653555600000004,-0.09717111099999998
893,2021-02-01,539.0399780273439,1.6624908447266762,0.300158889,-0.006376667000000058
894,2021-02-02,548.1599731445311,9.119995117187273,0.31955,0.019391111000000016
895,2021-02-03,539.4500122070311,-8.7099609375,0.32129,0.0017400000000000193
896,2021-02-04,552.1599731445311,12.7099609375,0.347502222,0.026212222000000007
897,2021-02-05,550.7899780273439,-1.3699951171872726,0.346337778,-0.0011644440000000422
898,2021-02-06,549.35498046875,-1.4349975585938637,0.30246888899999996,-0.04386888900000002
899,2021-02-07,548.6374816894531,-0.717498779296875,0.41590222200000004,0.11343333300000008
900,2021-02-08,547.9199829101561,-0.7174987792969887,0.332501111,-0.08340111100000003
901,2021-02-09,559.0700073242189,11.150024414062727,0.28339222199999997,-0.049108889000000044
902,2021-02-10,563.5900268554688,4.520019531249886,0.19963777800000002,-0.08375444399999996
903,2021-02-11,557.5900268554689,-5.999999999999886,0.29473,0.09509222199999998
904,2021-02-12,556.52001953125,-1.0700073242188637,0.309717778,0.014987778000000007
905,2021-02-13,556.9000244140625,0.3800048828125,0.23849555600000003,-0.07122222199999997
906,2021-02-14,557.0900268554688,0.19000244140625,0.26768444399999997,0.02918888799999994
907,2021-02-15,557.1850280761719,0.095001220703125,0.207285556,-0.060398887999999956
908,2021-02-16,557.280029296875,0.095001220703125,0.34007,0.13278444399999997
909,2021-02-17,551.3400268554689,-5.940002441406136,0.286898889,-0.05317111099999999
910,2021-02-18,548.219970703125,-3.1200561523438637,0.26579222199999997,-0.021106667000000023
911,2021-02-19,540.219970703125,-8.0,0.308622222,0.042830000000000035
912,2021-02-20,537.0,-3.219970703125,0.39114222200000004,0.08252000000000004
913,2021-02-21,535.3900146484375,-1.6099853515625,0.303414444,-0.08772777800000003
914,2021-02-22,533.780029296875,-1.6099853515625,0.316095556,0.012681111999999994
915,2021-02-23,546.1500244140625,12.3699951171875,0.21903555600000002,-0.09705999999999998
916,2021-02-24,553.4099731445311,7.259948730468636,0.234964444,0.015928887999999974
917,2021-02-25,546.7000122070311,-6.7099609375,0.13673,-0.098234444
918,2021-02-26,538.8499755859375,-7.850036621093636,0.30235888899999996,0.16562888899999997
919,2021-02-27,544.7449951171875,5.89501953125,0.237124444,-0.06523444499999997
920,2021-02-28,547.6925048828125,2.947509765625,0.260321111,0.023196667000000004
921,2021-03-01,550.6400146484375,2.947509765625,0.22250555600000002,-0.03781555499999997
922,2021-03-02,547.8200073242189,-2.8200073242186363,0.278261111,0.055755554999999984
923,2021-03-03,520.7000122070311,-27.119995117187727,0.258303333,-0.01995777799999998
924,2021-03-04,511.2900085449219,-9.410003662109261,0.344505556,0.08620222299999997
925,2021-03-05,516.3900146484375,5.100006103515625,0.250851111,-0.09365444499999998
926,2021-03-06,504.86000061035156,-11.530014038085938,0.282631111,0.031779999999999975
927,2021-03-07,499.0949935913086,-5.765007019042969,0.340806667,0.05817555600000002
928,2021-03-08,493.3299865722656,-5.765007019042969,0.329288889,-0.011517778000000034
929,2021-03-09,506.4400024414063,13.110015869140682,0.237127778,-0.09216111099999996
930,2021-03-10,504.5400085449219,-1.8999938964844318,0.330467778,0.09333999999999998
931,2021-03-11,523.0599975585939,18.51998901367199,0.29887222199999997,-0.031595556000000025
932,2021-03-12,518.02001953125,-5.039978027343864,0.259418889,-0.03945333299999998
933,2021-03-13,519.135009765625,1.114990234375,0.30362,0.044201111000000015
934,2021-03-14,519.6925048828125,0.5574951171875,0.29972,-0.0039000000000000146
935,2021-03-15,520.25,0.5574951171875,0.22143222199999998,-0.078287778
936,2021-03-16,524.030029296875,3.780029296875,0.30035666699999997,0.07892444499999998
937,2021-03-17,524.4400024414061,0.4099731445311363,0.231746667,-0.06860999999999998
938,2021-03-18,504.7900085449219,-19.64999389648426,0.282833333,0.05108666600000003
939,2021-03-19,512.1799926757811,7.389984130859261,0.255917778,-0.026915555000000035
940,2021-03-20,517.6449890136719,5.464996337890739,0.209117778,-0.04679999999999998
941,2021-03-21,520.3774871826172,2.7324981689453125,0.32280111100000003,0.11368333300000003
942,2021-03-22,523.1099853515625,2.7324981689453125,0.333985556,0.011184444999999987
943,2021-03-23,535.0900268554689,11.980041503906364,0.18519888899999998,-0.14878666700000004
944,2021-03-24,520.8099975585939,-14.280029296875,0.21835111100000001,0.03315222200000004
945,2021-03-25,502.8599853515625,-17.950012207031364,0.299063333,0.08071222199999997
946,2021-03-26,508.0499877929688,5.190002441406307,0.332424444,0.033361111
947,2021-03-27,511.0,2.950012207031193,0.300115556,-0.03230888799999998
948,2021-03-28,512.4750061035156,1.475006103515625,0.40522444399999996,0.10510888799999996
949,2021-03-29,513.9500122070311,1.4750061035155113,0.20070444399999998,-0.20451999999999998
950,2021-03-30,513.3900146484375,-0.5599975585936363,0.315184444,0.11448000000000003
951,2021-03-31,521.6599731445311,8.269958496093636,0.20890999999999998,-0.10627444400000002
952,2021-04-01,539.4199829101561,17.760009765625,0.254271111,0.04536111100000001
953,2021-04-02,540.0449829101561,0.625,0.27041333300000003,0.01614222200000004
954,2021-04-03,540.3574829101561,0.3125,0.22411777800000002,-0.046295555000000016
955,2021-04-04,540.5137329101561,0.15625,0.20427,-0.01984777800000001
956,2021-04-05,540.6699829101561,0.15625,0.259738889,0.055468888999999966
957,2021-04-06,544.530029296875,3.8600463867188637,0.278965556,0.01922666700000003
958,2021-04-07,546.989990234375,2.4599609375,0.285643333,0.006677776999999996
959,2021-04-08,554.5800170898439,7.590026855468864,0.300541111,0.014897778000000028
960,2021-04-09,555.3099975585939,0.72998046875,0.353636667,0.05309555599999999
961,2021-04-10,554.0450134277344,-1.2649841308594887,0.346478889,-0.0071577780000000035
962,2021-04-11,553.4125213623047,-0.6324920654296875,0.150816667,-0.19566222200000002
963,2021-04-12,552.780029296875,-0.6324920654296875,0.303663333,0.152846666
964,2021-04-13,553.72998046875,0.949951171875,0.134772222,-0.16889111099999998
965,2021-04-14,540.02001953125,-13.7099609375,0.289627778,0.154855556
966,2021-04-15,549.219970703125,9.199951171875,0.216756667,-0.07287111100000002
967,2021-04-16,546.5399780273439,-2.6799926757811363,0.305692222,0.08893555500000003
968,2021-04-17,550.489990234375,3.9500122070311363,0.263111111,-0.042581111000000005
969,2021-04-18,552.4649963378906,1.975006103515625,0.33090222199999997,0.06779111099999996
970,2021-04-19,554.4400024414061,1.9750061035155113,0.449944444,0.11904222200000003
971,2021-04-20,549.5700073242189,-4.869995117187273,0.34197777799999995,-0.10796666600000004
972,2021-04-21,508.8999938964844,-40.67001342773449,0.37300222200000005,0.031024444000000095
973,2021-04-22,508.7799987792969,-0.1199951171875,0.205585556,-0.16741666600000005
974,2021-04-23,505.5499877929688,-3.230010986328068,0.279216667,0.07363111099999997
975,2021-04-24,507.9249877929688,2.375,0.24763000000000002,-0.03158666699999996
976,2021-04-25,509.1124877929688,1.1875,0.26500999999999997,0.01737999999999995
977,2021-04-26,510.2999877929688,1.1875,0.232703333,-0.032306666999999956
978,2021-04-27,505.5499877929688,-4.75,0.347205556,0.11450222300000001
979,2021-04-28,506.5199890136719,0.9700012207030682,0.368455556,0.02124999999999999
980,2021-04-29,509.0,2.480010986328125,0.275297778,-0.09315777800000002
981,2021-04-30,513.469970703125,4.469970703125,0.262397778,-0.012899999999999967
982,2021-05-01,511.28997802734375,-2.17999267578125,0.282837778,0.020439999999999958
983,2021-05-02,510.1999816894531,-1.089996337890625,0.318367778,0.035530000000000006
984,2021-05-03,509.1099853515625,-1.089996337890625,0.33557666700000005,0.01720888900000006
985,2021-05-04,503.17999267578125,-5.92999267578125,0.316544444,-0.01903222300000007
986,2021-05-05,496.0799865722656,-7.100006103515625,0.140418889,-0.176125555
987,2021-05-06,499.5499877929688,3.470001220703182,0.19992444399999998,0.05950555499999999
988,2021-05-07,503.8399963378906,4.290008544921818,0.319645556,0.11972111200000002
989,2021-05-08,495.26499938964844,-8.574996948242188,0.36982222200000003,0.050176666000000036
990,2021-05-09,490.97750091552734,-4.287498474121094,0.380594444,0.010772221999999942
991,2021-05-10,486.6900024414063,-4.287498474121037,0.33898,-0.04161444399999997
992,2021-05-11,495.0799865722656,8.389984130859318,0.242394444,-0.09658555600000002
993,2021-05-12,484.9800109863281,-10.0999755859375,0.189003333,-0.05339111099999999
994,2021-05-13,486.6600036621094,1.67999267578125,0.279874444,0.090871111
995,2021-05-14,493.3699951171875,6.709991455078125,0.330775556,0.050901112000000026
996,2021-05-15,491.1549987792969,-2.214996337890625,0.354154444,0.023378887999999987
997,2021-05-16,490.04750061035156,-1.1074981689453125,0.37471,0.020555555999999975
998,2021-05-17,488.9400024414063,-1.1074981689452557,0.262624444,-0.11208555599999998
999,2021-05-18,486.2799987792969,-2.660003662109432,0.32053000000000004,0.057905556000000025
1000,2021-05-19,487.70001220703125,1.420013427734375,0.098612222,-0.22191777800000004
1001,2021-05-20,501.6700134277344,13.970001220703125,0.26062777800000003,0.16201555600000003
1002,2021-05-21,497.8900146484375,-3.779998779296875,0.17957,-0.08105777800000002
1003,2021-05-22,500.39500427246094,2.5049896240234375,0.212518889,0.03294888899999998
1004,2021-05-23,501.64749908447266,1.2524948120117188,0.253114444,0.040595555000000005
1005,2021-05-24,502.8999938964844,1.2524948120117188,0.279243333,0.02612888899999999
1006,2021-05-25,501.3399963378906,-1.55999755859375,0.282973333,0.003730000000000011
1007,2021-05-26,502.3599853515625,1.019989013671875,0.255186667,-0.027786666000000015
1008,2021-05-27,503.8599853515625,1.5,0.302761111,0.04757444400000005
1009,2021-05-28,502.80999755859375,-1.04998779296875,0.255358889,-0.04740222200000005
1010,2021-05-29,500.9449920654297,-1.8650054931640625,0.22405555600000002,-0.03130333299999996
1011,2021-05-30,500.01248931884766,-0.9325027465820312,0.283533333,0.05947777699999998
1012,2021-05-31,499.54623794555664,-0.4662513732910156,0.336643333,0.05310999999999999
1013,2021-06-01,499.0799865722656,-0.4662513732910156,0.239753333,-0.09688999999999998
1014,2021-06-02,499.239990234375,0.160003662109375,0.34613777799999995,0.10638444499999994
1015,2021-06-03,489.42999267578125,-9.80999755859375,0.357294444,0.011156666000000037
1016,2021-06-04,494.739990234375,5.30999755859375,0.28463,-0.072664444
1017,2021-06-05,494.6999969482422,-0.0399932861328125,0.289838889,0.005208888999999994
1018,2021-06-06,494.6800003051758,-0.01999664306640625,0.227397778,-0.062441110999999994
1019,2021-06-07,494.6600036621094,-0.01999664306640625,0.272324444,0.044926666000000004
1020,2021-06-08,492.3900146484375,-2.269989013671875,0.238493333,-0.033831111
1021,2021-06-09,485.80999755859375,-6.58001708984375,0.378454444,0.139961111
1022,2021-06-10,487.2699890136719,1.459991455078125,0.161674444,-0.21678
1023,2021-06-11,488.7699890136719,1.5,0.235232222,0.07355777799999999
1024,2021-06-12,494.3300018310547,5.5600128173828125,0.256336667,0.021104445000000027
1025,2021-06-13,497.1100082397461,2.7800064086914062,0.330535556,0.07419888899999999
1026,2021-06-14,499.8900146484375,2.7800064086914062,0.150977778,-0.179557778
1027,2021-06-15,491.8999938964844,-7.990020751953125,0.20393111100000003,0.05295333300000002
1028,2021-06-16,492.4100036621094,0.510009765625,0.32952111100000003,0.12559
1029,2021-06-17,498.3399963378906,5.92999267578125,0.25693,-0.07259111100000004
1030,2021-06-18,500.7699890136719,2.42999267578125,0.323733333,0.06680333300000002
1031,2021-06-19,498.88499450683594,-1.8849945068359375,0.30514555600000004,-0.018587776999999972
1032,2021-06-20,497.94249725341797,-0.9424972534179688,0.290862222,-0.014283334000000036
1033,2021-06-21,497.0,-0.9424972534179688,0.207498889,-0.08336333300000001
1034,2021-06-22,508.8200073242188,11.820007324218807,0.250904444,0.04340555500000001
1035,2021-06-23,512.739990234375,3.919982910156193,0.28929,0.03838555599999999
1036,2021-06-24,518.0599975585939,5.320007324218864,0.344262222,0.054972222000000015
1037,2021-06-25,527.0700073242189,9.010009765625,0.24119222199999998,-0.10307000000000002
1038,2021-06-26,530.0500183105469,2.9800109863280113,0.23464222199999998,-0.00655
1039,2021-06-27,531.5400238037109,1.4900054931640625,0.291144444,0.05650222200000002
1040,2021-06-28,533.030029296875,1.4900054931640625,0.182438889,-0.10870555500000001
1041,2021-06-29,533.5,0.469970703125,0.265526667,0.083087778
1042,2021-06-30,528.2100219726561,-5.289978027343864,0.20029666699999998,-0.06523000000000001
1043,2021-07-01,533.5399780273439,5.329956054687727,0.252665556,0.05236888900000003
1044,2021-07-02,533.97998046875,0.4400024414061363,0.145118889,-0.10754666700000001
1045,2021-07-03,537.8099975585938,3.83001708984375,0.22918888899999998,0.08406999999999998
1046,2021-07-04,539.7250061035156,1.915008544921875,0.23986111100000002,0.010672222000000037
1047,2021-07-05,540.6825103759766,0.9575042724609375,0.207838889,-0.03202222200000002
1048,2021-07-06,541.6400146484375,0.9575042724609375,0.18394888899999998,-0.023890000000000022
1049,2021-07-07,535.9600219726561,-5.679992675781364,0.222332222,0.03838333300000002
1050,2021-07-08,530.760009765625,-5.200012207031136,0.09857666699999999,-0.123755555
1051,2021-07-09,535.97998046875,5.219970703125,0.271634444,0.17305777699999997
1052,2021-07-10,536.6449890136719,0.665008544921875,0.161824444,-0.10980999999999996
1053,2021-07-11,536.9774932861328,0.3325042724609375,0.199673333,0.037848889
1054,2021-07-12,537.3099975585939,0.3325042724610512,0.26842,0.06874666699999998
1055,2021-07-13,540.6799926757811,3.3699951171872726,0.262145556,-0.00627444399999999
1056,2021-07-14,547.9500122070311,7.27001953125,0.371547778,0.109402222
1057,2021-07-15,542.9500122070311,-5.0,0.18217,-0.189377778
1058,2021-07-16,530.3099975585939,-12.640014648437273,0.241938889,0.05976888899999999
1059,2021-07-17,531.2950134277344,0.9850158691405113,0.19397999999999999,-0.047958889000000005
1060,2021-07-18,531.7875213623047,0.4925079345703125,0.27638555600000003,0.08240555600000005
1061,2021-07-19,532.280029296875,0.4925079345703125,0.249843333,-0.02654222300000003
1062,2021-07-20,531.0499877929689,-1.2300415039061363,0.20107888899999998,-0.04876444400000002
1063,2021-07-21,513.6300048828125,-17.419982910156364,0.18803,-0.01304888899999998
1064,2021-07-22,511.7699890136719,-1.860015869140625,0.306994444,0.11896444399999997
1065,2021-07-23,515.4099731445311,3.6399841308592613,0.289378889,-0.017615555000000005
1066,2021-07-24,515.9499816894531,0.5400085449219887,0.289844444,0.0004655550000000064
1067,2021-07-25,516.2199859619141,0.2700042724609375,0.08315444400000001,-0.20668999999999998
1068,2021-07-26,516.489990234375,0.2700042724609375,0.241097778,0.157943334
1069,2021-07-27,518.9099731445311,2.4199829101561363,0.163005556,-0.07809222200000002
1070,2021-07-28,519.2999877929689,0.3900146484377274,0.20004888899999998,0.037043332999999984
1071,2021-07-29,514.25,-5.049987792968864,0.327151111,0.12710222200000001
1072,2021-07-30,517.5700073242189,3.3200073242188637,0.285218889,-0.04193222200000002
1073,2021-07-31,516.3600158691406,-1.2099914550782387,0.323906667,0.038687778000000006
1074,2021-08-01,515.7550201416016,-0.6049957275390625,0.277703333,-0.046203333999999985
1075,2021-08-02,515.1500244140625,-0.6049957275390625,0.18370999999999998,-0.09399333300000001
1076,2021-08-03,510.8200073242188,-4.330017089843693,0.259113333,0.07540333300000002
1077,2021-08-04,517.3499755859375,6.529968261718693,0.18701555600000003,-0.07209777699999997
1078,2021-08-05,524.8900146484375,7.5400390625,0.16371666699999998,-0.023298889000000045
1079,2021-08-06,520.5499877929689,-4.340026855468636,0.21377222199999998,0.050055555
1080,2021-08-07,520.2599792480469,-0.2900085449219887,0.24839111100000003,0.03461888900000004
1081,2021-08-08,520.1149749755859,-0.1450042724609375,0.195572222,-0.052818889000000036
1082,2021-08-09,519.969970703125,-0.1450042724609375,0.217826667,0.02225444500000001
1083,2021-08-10,515.8400268554689,-4.129943847656136,0.20107888899999998,-0.01674777800000002
1084,2021-08-11,512.4000244140625,-3.4400024414063637,0.267387778,0.06630888900000004
1085,2021-08-12,510.7200012207031,-1.680023193359375,0.34999444399999996,0.08260666599999994
1086,2021-08-13,515.9199829101561,5.199981689453011,0.245037778,-0.10495666599999995
1087,2021-08-14,516.9199829101561,1.0,0.231797778,-0.013240000000000002
1088,2021-08-15,517.4199829101561,0.5,0.319834444,0.08803666599999999
1089,2021-08-16,517.9199829101561,0.5,0.215203333,-0.104631111
1090,2021-08-17,518.9099731445311,0.989990234375,0.260572222,0.04536888900000002
1091,2021-08-18,521.8699951171875,2.9600219726563637,0.185034444,-0.07553777800000003
1092,2021-08-19,543.7100219726561,21.840026855468636,0.43000222200000005,0.24496777800000005
1093,2021-08-20,546.8800048828125,3.1699829101563637,0.277595556,-0.15240666600000002
1094,2021-08-21,550.1050109863281,3.225006103515625,0.23265888899999998,-0.04493666700000004
1095,2021-08-22,551.7175140380859,1.6125030517578125,0.33896222200000004,0.10630333300000006
1096,2021-08-23,553.3300170898439,1.6125030517579262,0.258723333,-0.08023888900000004
1097,2021-08-24,553.4099731445311,0.07995605468727263,0.298827778,0.04010444499999999
1098,2021-08-25,547.5800170898439,-5.829956054687273,0.21181,-0.08701777799999999
1099,2021-08-26,550.1199951171875,2.5399780273436363,0.301866667,0.09005666699999998
1100,2021-08-27,558.9199829101561,8.799987792968636,0.326922222,0.025055555000000007
1101,2021-08-28,562.5499877929688,3.6300048828126137,0.24554,-0.08138222199999998
1102,2021-08-29,564.364990234375,1.81500244140625,0.260865556,0.01532555599999999
1103,2021-08-30,566.1799926757812,1.81500244140625,0.318833333,0.057967777
1104,2021-08-31,569.1900024414062,3.010009765625,0.235485556,-0.08334777699999998
