,Date,Stock,StockChange,SentimentValue,SentimentChange
0,9/1/2018,365.6399994,0,0.401554945,0
1,9/2/2018,364.6200027,-1.019996643,0.414880682,0.013325737
2,9/3/2018,364.1100044,-0.509998322,0.327465556,-0.087415126
3,9/4/2018,363.6000061,-0.509998322,0.353086667,0.025621111
4,9/5/2018,341.1799927,-22.42001343,0.359225556,0.006138889
5,9/6/2018,346.4599915,5.279998779,0.255367778,-0.103857778
6,9/7/2018,348.6799927,2.220001221,0.34338,0.088012222
7,9/8/2018,348.5449982,-0.134994507,0.341355556,-0.002024444
8,9/9/2018,348.4775009,-0.067497253,0.339538462,-0.001817094
9,9/10/2018,348.4100037,-0.067497253,0.364452809,0.024914347
10,9/11/2018,355.9299927,7.519989014,0.339421111,-0.025031698
11,9/12/2018,369.9500122,14.02001953,0.260518889,-0.078902222
12,9/13/2018,368.1499939,-1.800018311,0.219367778,-0.041151111
13,9/14/2018,364.5599976,-3.589996338,0.310414286,0.091046508
14,9/15/2018,357.4550018,-7.104995728,0.381022472,0.070608186
15,9/16/2018,353.902504,-3.552497864,0.252816667,-0.128205805
16,9/17/2018,350.3500061,-3.552497864,0.158458889,-0.094357778
17,9/18/2018,367.6499939,17.29998779,0.358297778,0.199838889
18,9/19/2018,366.9599915,-0.690002441,0.237561111,-0.120736667
19,9/20/2018,365.3599854,-1.600006104,0.342276667,0.104715556
20,9/21/2018,361.1900024,-4.16998291,0.447115556,0.104838889
21,9/22/2018,365.3999939,4.209991455,0.26677,-0.180345556
22,9/23/2018,367.5049896,2.104995728,0.342867778,0.076097778
23,9/24/2018,369.6099854,2.104995728,0.26155,-0.081317778
24,9/25/2018,369.4299927,-0.179992676,0.246162222,-0.015387778
25,9/26/2018,377.8800049,8.450012207,0.32334,0.077177778
26,9/27/2018,380.7099915,2.829986572,0.367787778,0.044447778
27,9/28/2018,374.1300049,-6.579986572,0.252211828,-0.11557595
28,9/29/2018,377.7799988,3.649993896,0.311458621,0.059246793
29,9/30/2018,379.6049957,1.824996948,0.318742222,0.007283601
30,10/1/2018,381.4299927,1.824996948,0.271102222,-0.04764
31,10/2/2018,377.1400146,-4.289978027,0.295705556,0.024603334
32,10/3/2018,377.0499878,-0.090026855,0.293742222,-0.001963334
33,10/4/2018,363.6499939,-13.3999939,0.382464444,0.088722222
34,10/5/2018,351.3500061,-12.29998779,0.249156667,-0.133307777
35,10/6/2018,350.2250061,-1.125,0.250891111,0.001734444
36,10/7/2018,349.6625061,-0.5625,0.777266667,0.526375556
37,10/8/2018,349.1000061,-0.5625,0.331886667,-0.44538
38,10/9/2018,355.7099915,6.609985352,0.325928889,-0.005957778
39,10/10/2018,325.8900146,-29.81997681,0.154038889,-0.17189
40,10/11/2018,321.1000061,-4.790008545,0.215972222,0.061933333
41,10/12/2018,339.5599976,18.45999146,0.359091111,0.143118889
42,10/13/2018,336.3450012,-3.214996338,0.175273333,-0.183817778
43,10/14/2018,334.7375031,-1.607498169,0.291783333,0.11651
44,10/15/2018,333.1300049,-1.607498169,0.258561111,-0.033222222
45,10/16/2018,346.3999939,13.26998901,0.220148889,-0.038412222
46,10/17/2018,364.7000122,18.30001831,0.28316,0.063011111
47,10/18/2018,346.7099915,-17.99002075,0.254614444,-0.028545556
48,10/19/2018,332.6700134,-14.03997803,0.297438889,0.042824445
49,10/20/2018,331.105011,-1.565002441,0.204726667,-0.092712222
50,10/21/2018,330.3225098,-0.782501221,0.224876667,0.02015
51,10/22/2018,329.5400085,-0.782501221,0.271662222,0.046785555
52,10/23/2018,333.1600037,3.619995117,0.259633333,-0.012028889
53,10/24/2018,301.8299866,-31.33001709,0.300567778,0.040934445
54,10/25/2018,312.8699951,11.04000854,0.2186,-0.081967778
55,10/26/2018,299.8299866,-13.04000854,0.30903,0.09043
56,10/27/2018,292.3349915,-7.494995117,0.285545556,-0.023484444
57,10/28/2018,288.5874939,-3.747497559,0.348454444,0.062908888
58,10/29/2018,284.8399963,-3.747497559,0.348732222,0.000277778
59,10/30/2018,285.8099976,0.970001221,0.562241111,0.213508889
60,10/31/2018,301.7799988,15.97000122,0.803674444,0.241433333
61,11/1/2018,317.3800049,15.6000061,0.234364444,-0.56931
62,11/2/2018,309.1000061,-8.279998779,0.284067778,0.049703334
63,11/3/2018,312.2700043,3.169998169,0.225543333,-0.058524445
64,11/4/2018,313.8550034,1.584999084,0.338743333,0.1132
65,11/5/2018,315.4400024,1.584999084,0.245957778,-0.092785555
66,11/6/2018,310.8399963,-4.600006104,0.332505556,0.086547778
67,11/7/2018,327.5,16.66000366,0.365161111,0.032655555
68,11/8/2018,317.9200134,-9.579986572,0.187765556,-0.177395555
69,11/9/2018,303.4700012,-14.45001221,0.238548889,0.050783333
70,11/10/2018,298.7700043,-4.699996948,0.317397802,0.078848913
71,11/11/2018,296.4200058,-2.349998474,0.447134831,0.129737029
72,11/12/2018,294.0700073,-2.349998474,0.361494444,-0.085640387
73,11/13/2018,294.3999939,0.329986572,0.384363333,0.022868889
74,11/14/2018,286.730011,-7.66998291,0.273018889,-0.111344444
75,11/15/2018,290.0599976,3.329986572,0.201811111,-0.071207778
76,11/16/2018,286.2099915,-3.850006104,0.306383333,0.104572222
77,11/17/2018,278.4049988,-7.804992676,0.308243333,0.00186
78,11/18/2018,274.5025024,-3.902496338,0.38556044,0.077317107
79,11/19/2018,270.6000061,-3.902496338,0.281364045,-0.104196395
80,11/20/2018,266.980011,-3.619995117,0.260715556,-0.020648489
81,11/21/2018,262.1300049,-4.850006104,0.318442391,0.057726835
82,11/22/2018,260.4750061,-1.654998779,0.376161364,0.057718973
83,11/23/2018,258.8200073,-1.654998779,0.394023333,0.017861969
84,11/24/2018,260.125,1.304992676,0.330804444,-0.063218889
85,11/25/2018,260.7774963,0.652496338,0.263326087,-0.067478357
86,11/26/2018,261.4299927,0.652496338,0.611023864,0.347697777
87,11/27/2018,266.6300049,5.200012207,0.559182222,-0.051841642
88,11/28/2018,282.6499939,16.01998901,0.358786667,-0.200395555
89,11/29/2018,288.75,6.100006104,0.302522222,-0.056264445
90,11/30/2018,286.1300049,-2.619995117,0.360864444,0.058342222
91,12/1/2018,288.2149963,2.084991455,0.384762222,0.023897778
92,12/2/2018,289.2574921,1.042495728,0.29959,-0.085172222
93,12/3/2018,290.2999878,1.042495728,0.284646667,-0.014943333
94,12/4/2018,275.3299866,-14.97000122,0.32243,0.037783333
95,12/5/2018,279.1049957,3.775009155,0.348255556,0.025825556
96,12/6/2018,282.8800049,3.775009155,0.254084444,-0.094171112
97,12/7/2018,265.1400146,-17.73999023,0.305565556,0.051481112
98,12/8/2018,267.4200134,2.279998779,0.340256667,0.034691111
99,12/9/2018,268.5600128,1.13999939,0.258684444,-0.081572223
100,12/10/2018,269.7000122,1.13999939,0.260245556,0.001561112
101,12/11/2018,265.3200073,-4.380004883,0.362398889,0.102153333
102,12/12/2018,274.8800049,9.559997559,0.245847778,-0.116551111
103,12/13/2018,276.019989,1.139984131,0.298473333,0.052625555
104,12/14/2018,266.8399963,-9.179992676,0.274902222,-0.023571111
105,12/15/2018,264.8199921,-2.020004272,0.269628889,-0.005273333
106,12/16/2018,263.8099899,-1.010002136,0.43803,0.168401111
107,12/17/2018,262.7999878,-1.010002136,0.225721111,-0.212308889
108,12/18/2018,270.9400024,8.140014648,0.3353,0.109578889
109,12/19/2018,266.769989,-4.170013428,0.338117582,0.002817582
110,12/20/2018,260.5799866,-6.190002441,0.364117978,0.026000396
111,12/21/2018,246.3899994,-14.18998718,0.293015556,-0.071102422
112,12/22/2018,240.1350021,-6.254997253,0.327254444,0.034238888
113,12/23/2018,237.0075035,-3.127498627,0.331782222,0.004527778
114,12/24/2018,233.8800049,-3.127498627,0.376891304,0.045109082
115,12/25/2018,243.7750015,9.894996643,0.276254545,-0.100636759
116,12/26/2018,253.6699982,9.894996643,0.34615,0.069895455
117,12/27/2018,255.5700073,1.900009155,0.175865556,-0.170284444
118,12/28/2018,256.0799866,0.509979248,0.279663333,0.103797777
119,12/29/2018,261.8699951,5.790008545,0.218233333,-0.06143
120,12/30/2018,264.7649994,2.895004272,0.240244444,0.022011111
121,12/31/2018,267.6600037,2.895004272,0.289243333,0.048998889
122,1/1/2019,267.6600037,0,0.313968889,0.024725556
123,1/2/2019,267.6600037,0,0.201307778,-0.112661111
124,1/3/2019,271.2000122,3.540008545,0.258953333,0.057645555
125,1/4/2019,297.5700073,26.36999512,0.227994444,-0.030958889
126,1/5/2019,306.4550018,8.884994507,0.26083,0.032835556
127,1/6/2019,310.8974991,4.442497253,0.268695556,0.007865556
128,1/7/2019,315.3399963,4.442497253,0.254623333,-0.014072223
129,1/8/2019,320.269989,4.929992676,0.209837778,-0.044785555
130,1/9/2019,319.9599915,-0.309997559,0.209391111,-0.000446667
131,1/10/2019,324.6600037,4.700012207,0.18614,-0.023251111
132,1/11/2019,337.5899963,12.92999268,0.272128889,0.085988889
133,1/12/2019,335.2649994,-2.324996948,0.253066667,-0.019062222
134,1/13/2019,334.1025009,-1.162498474,0.330504444,0.077437777
135,1/14/2019,332.9400024,-1.162498474,0.324667778,-0.005836666
136,1/15/2019,354.6400146,21.70001221,0.135683333,-0.188984445
137,1/16/2019,351.3900146,-3.25,0.279756667,0.144073334
138,1/17/2019,353.1900024,1.799987793,0.205273333,-0.074483334
139,1/18/2019,339.1000061,-14.08999634,0.20452,-0.000753333
140,1/19/2019,332.1300049,-6.970001221,0.320571111,0.116051111
141,1/20/2019,328.6450043,-3.48500061,0.188018889,-0.132552222
142,1/21/2019,326.902504,-1.742500305,0.280016667,0.091997778
143,1/22/2019,325.1600037,-1.742500305,0.237646667,-0.04237
144,1/23/2019,321.9899902,-3.170013428,0.089508889,-0.148137778
145,1/24/2019,326.6700134,4.680023193,0.182252222,0.092743333
146,1/25/2019,338.0499878,11.37997437,0.199271111,0.017018889
147,1/26/2019,336.8549957,-1.194992065,0.24422,0.044948889
148,1/27/2019,336.2574997,-0.597496033,0.150714444,-0.093505556
149,1/28/2019,335.6600037,-0.597496033,0.185906667,0.035192223
150,1/29/2019,328.8999939,-6.760009766,0.09741,-0.088496667
151,1/30/2019,340.6600037,11.76000977,0.150094444,0.052684444
152,1/31/2019,339.5,-1.160003662,0.272113333,0.122018889
153,2/1/2019,339.8500061,0.350006104,0.250301111,-0.021812222
154,2/2/2019,345.5950012,5.744995117,0.295046667,0.044745556
155,2/3/2019,348.4674988,2.872497559,0.282427778,-0.012618889
156,2/4/2019,351.3399963,2.872497559,0.324992222,0.042564444
157,2/5/2019,355.8099976,4.470001221,0.280817778,-0.044174444
158,2/6/2019,352.1900024,-3.619995117,0.295142222,0.014324444
159,2/7/2019,344.7099915,-7.480010986,0.372181111,0.077038889
160,2/8/2019,347.5700073,2.860015869,0.232218889,-0.139962222
161,2/9/2019,346.6500092,-0.919998169,0.124736667,-0.107482222
162,2/10/2019,346.1900101,-0.459999084,0.193006667,0.06827
163,2/11/2019,345.730011,-0.459999084,0.220616667,0.02761
164,2/12/2019,359.9700012,14.23999023,0.250106667,0.02949
165,2/13/2019,351.769989,-8.200012207,0.229103333,-0.021003334
166,2/14/2019,359.0700073,7.300018311,0.306953333,0.07785
167,2/15/2019,356.8699951,-2.200012207,0.282483333,-0.02447
168,2/16/2019,359.3950043,2.525009155,0.353215556,0.070732223
169,2/17/2019,360.6575089,1.262504578,0.313387778,-0.039827778
170,2/18/2019,361.2887611,0.631252289,0.204292222,-0.109095556
171,2/19/2019,361.9200134,0.631252289,0.244613333,0.040321111
172,2/20/2019,359.9100037,-2.010009766,0.200433333,-0.04418
173,2/21/2019,356.9700012,-2.940002441,0.157158889,-0.043274444
174,2/22/2019,363.019989,6.049987793,0.315346667,0.158187778
175,2/23/2019,363.4649963,0.445007324,0.31933,0.003983333
176,2/24/2019,363.6875,0.222503662,0.332578889,0.013248889
177,2/25/2019,363.9100037,0.222503662,0.22101,-0.111568889
178,2/26/2019,364.9700012,1.059997559,0.331653333,0.110643333
179,2/27/2019,362.8699951,-2.100006104,0.32763,-0.004023333
180,2/28/2019,358.1000061,-4.769989014,0.306434444,-0.021195556
181,3/1/2019,357.3200073,-0.779998779,0.194423333,-0.112011111
182,3/2/2019,354.1800079,-3.13999939,0.318927778,0.124504445
183,3/3/2019,352.6100082,-1.569999695,0.290724444,-0.028203334
184,3/4/2019,351.0400085,-1.569999695,0.345622222,0.054897778
185,3/5/2019,354.2999878,3.259979248,0.210831111,-0.134791111
186,3/6/2019,359.6099854,5.309997559,0.326386667,0.115555556
187,3/7/2019,352.6000061,-7.009979248,0.292934444,-0.033452223
188,3/8/2019,349.6000061,-3,0.367698889,0.074764445
189,3/9/2019,354.2299957,4.629989624,0.314075556,-0.053623333
190,3/10/2019,356.5449905,2.314994812,0.415863333,0.101787777
191,3/11/2019,358.8599854,2.314994812,0.267044444,-0.148818889
192,3/12/2019,356.269989,-2.589996338,0.282097778,0.015053334
193,3/13/2019,361.2099915,4.940002441,0.259686667,-0.022411111
194,3/14/2019,358.8200073,-2.389984131,0.114353333,-0.145333334
195,3/15/2019,361.4599915,2.639984131,0.079102222,-0.035251111
196,3/16/2019,362.4499969,0.990005493,0.25571,0.176607778
197,3/17/2019,362.9449997,0.495002747,0.374344444,0.118634444
198,3/18/2019,363.4400024,0.495002747,0.24046,-0.133884444
199,3/19/2019,358.7799988,-4.660003662,0.175832222,-0.064627778
200,3/20/2019,375.2200012,16.44000244,0.316375556,0.140543334
201,3/21/2019,377.8699951,2.649993896,0.358616667,0.042241111
202,3/22/2019,361.0100098,-16.85998535,0.249828889,-0.108787778
203,3/23/2019,363.6200104,2.61000061,0.259571111,0.009742222
204,3/24/2019,364.9250107,1.305000305,0.250267778,-0.009303333
205,3/25/2019,366.230011,1.305000305,0.259991111,0.009723333
206,3/26/2019,359.9700012,-6.260009766,0.311464444,0.051473333
207,3/27/2019,353.3699951,-6.600006104,0.337188889,0.025724445
208,3/28/2019,354.6099854,1.239990234,0.286302222,-0.050886667
209,3/29/2019,356.5599976,1.950012207,0.277394444,-0.008907778
210,3/30/2019,361.7599945,5.199996948,0.250944444,-0.02645
211,3/31/2019,364.359993,2.599998474,0.397996667,0.147052223
212,4/1/2019,366.9599915,2.599998474,0,-0.397996667
213,4/2/2019,367.7200012,0.760009766,-0.007206667,-0.007206667
214,4/3/2019,369.75,2.029998779,0.403843333,0.41105
215,4/4/2019,367.8800049,-1.869995117,0.103261111,-0.300582222
216,4/5/2019,365.4899902,-2.390014648,0.272114444,0.168853333
217,4/6/2019,363.4499969,-2.039993286,0.290708889,0.018594445
218,4/7/2019,362.4300003,-1.019996643,0.341974444,0.051265555
219,4/8/2019,361.4100037,-1.019996643,0.275947778,-0.066026666
220,4/9/2019,364.7099915,3.299987793,0.29106,0.015112222
221,4/10/2019,363.9200134,-0.789978027,0.358137778,0.067077778
222,4/11/2019,367.6499939,3.729980469,0.202758889,-0.155378889
223,4/12/2019,351.1400146,-16.50997925,0.307032222,0.104273333
224,4/13/2019,350.0050049,-1.135009766,0.316157778,0.009125556
225,4/14/2019,349.4375,-0.567504883,0.344458889,0.028301111
226,4/15/2019,348.8699951,-0.567504883,0.311696667,-0.032762222
227,4/16/2019,359.4599915,10.58999634,0.263715556,-0.047981111
228,4/17/2019,354.7399902,-4.720001221,0.308928889,0.045213333
229,4/18/2019,360.3500061,5.610015869,0.235878889,-0.07305
230,4/19/2019,368.8450012,8.494995117,0.305973333,0.070094444
231,4/20/2019,373.0924988,4.247497559,0.319208602,0.013235269
232,4/21/2019,375.2162476,2.123748779,0.316151724,-0.003056878
233,4/22/2019,377.3399963,2.123748779,0.314536667,-0.001615057
234,4/23/2019,381.8900146,4.550018311,0.282492222,-0.032044445
235,4/24/2019,374.230011,-7.660003662,0.259826667,-0.022665555
236,4/25/2019,368.3299866,-5.900024414,0.3029,0.043073333
237,4/26/2019,374.8500061,6.520019531,0.281501111,-0.021398889
238,4/27/2019,373.3399963,-1.510009766,0.166084444,-0.115416667
239,4/28/2019,372.5849915,-0.755004883,0.297187778,0.131103334
240,4/29/2019,371.8299866,-0.755004883,0.176781111,-0.120406667
241,4/30/2019,370.5400085,-1.289978027,0.195615556,0.018834445
242,5/1/2019,378.8099976,8.269989014,0.280946667,0.085331111
243,5/2/2019,379.0599976,0.25,0.247508889,-0.033437778
244,5/3/2019,385.0299988,5.970001221,0.279376667,0.031867778
245,5/4/2019,381.8500061,-3.179992676,0.346442857,0.06706619
246,5/5/2019,380.2600098,-1.589996338,0.158717978,-0.187724879
247,5/6/2019,378.6700134,-1.589996338,0.258263333,0.099545355
248,5/7/2019,370.4599915,-8.210021973,0.234218889,-0.024044444
249,5/8/2019,364.3699951,-6.089996338,0.204215556,-0.030003333
250,5/9/2019,362.75,-1.619995117,0.244656667,0.040441111
251,5/10/2019,361.0400085,-1.709991455,0.333322222,0.088665555
252,5/11/2019,353.1500092,-7.88999939,0.425608889,0.092286667
253,5/12/2019,349.2050095,-3.944999695,0.296905556,-0.128703333
254,5/13/2019,345.2600098,-3.944999695,0.2968,-0.000105556
255,5/14/2019,345.6099854,0.349975586,0.221811111,-0.074988889
256,5/15/2019,354.9899902,9.380004883,0.242218889,0.020407778
257,5/16/2019,359.3099976,4.320007324,0.363741111,0.121522222
258,5/17/2019,354.4500122,-4.859985352,0.319481111,-0.04426
259,5/18/2019,351.2799988,-3.170013428,0.308786667,-0.010694444
260,5/19/2019,349.6949921,-1.585006714,0.291831111,-0.016955556
261,5/20/2019,348.1099854,-1.585006714,0.311661111,0.01983
262,5/21/2019,354.269989,6.160003662,0.408083333,0.096422222
263,5/22/2019,359.730011,5.460021973,0.390283333,-0.0178
264,5/23/2019,352.2099915,-7.520019531,0.366201111,-0.024082222
265,5/24/2019,354.3900146,2.180023193,0.264694444,-0.101506667
266,5/25/2019,354.7250061,0.334991455,0.385786667,0.121092223
267,5/26/2019,354.8925018,0.167495728,0.193198889,-0.192587778
268,5/27/2019,354.9762497,0.083747864,0.382243333,0.189044444
269,5/28/2019,355.0599976,0.083747864,0.340745556,-0.041497777
270,5/29/2019,349.1900024,-5.869995117,0.024785556,-0.31596
271,5/30/2019,351.8500061,2.660003662,0.289497778,0.264712222
272,5/31/2019,343.2799988,-8.570007324,0.213314444,-0.076183334
273,6/1/2019,339.9550018,-3.324996948,0.347898889,0.134584445
274,6/2/2019,338.2925034,-1.662498474,0.233301111,-0.114597778
275,6/3/2019,336.6300049,-1.662498474,0.270595556,0.037294445
276,6/4/2019,353.3999939,16.76998901,0.278254444,0.007658888
277,6/5/2019,355.730011,2.33001709,0.253914444,-0.02434
278,6/6/2019,357.1300049,1.399993896,0.248737778,-0.005176666
279,6/7/2019,360.8699951,3.739990234,0.304595556,0.055857778
280,6/8/2019,356.4400024,-4.429992676,0.331012222,0.026416666
281,6/9/2019,354.2250061,-2.214996338,0.256048889,-0.074963333
282,6/10/2019,352.0100098,-2.214996338,0.245855556,-0.010193333
283,6/11/2019,351.269989,-0.740020752,0.180731111,-0.065124445
284,6/12/2019,345.5599976,-5.709991455,0.354014444,0.173283333
285,6/13/2019,343.4299927,-2.130004883,0.263105556,-0.090908888
286,6/14/2019,339.730011,-3.699981689,0.272014444,0.008908888
287,6/15/2019,345.1750031,5.444992065,0.242711111,-0.029303333
288,6/16/2019,347.8974991,2.722496033,0.275615556,0.032904445
289,6/17/2019,350.6199951,2.722496033,0.192518889,-0.083096667
290,6/18/2019,357.1199951,6.5,0.152231111,-0.040287778
291,6/19/2019,363.519989,6.399993896,0.220166667,0.067935556
292,6/20/2019,365.2099915,1.690002441,0.237332222,0.017165555
293,6/21/2019,369.2099915,4,0.222313333,-0.015018889
294,6/22/2019,370.125,0.915008545,0.202817778,-0.019495555
295,6/23/2019,370.5825043,0.457504272,0.338248889,0.135431111
296,6/24/2019,371.0400085,0.457504272,0.326728889,-0.01152
297,6/25/2019,360.2999878,-10.74002075,0.288998889,-0.03773
298,6/26/2019,362.2000122,1.900024414,0.204113333,-0.084885556
299,6/27/2019,370.019989,7.819976807,0.252044444,0.047931111
300,6/28/2019,367.3200073,-2.699981689,0.220818889,-0.031225555
301,6/29/2019,370.9600067,3.63999939,0.277633333,0.056814444
302,6/30/2019,372.7800064,1.819999695,0.293441111,0.015807778
303,7/1/2019,374.6000061,1.819999695,0.250728889,-0.042712222
304,7/2/2019,375.4299927,0.829986572,-0.093787778,-0.344516667
305,7/3/2019,381.7200012,6.290008545,0.18896,0.282747778
306,7/4/2019,381.1349945,-0.585006714,0.178265556,-0.010694444
307,7/5/2019,380.5499878,-0.585006714,0.328926667,0.150661111
308,7/6/2019,378.3549957,-2.194992065,0.258754444,-0.070172223
309,7/7/2019,377.2574997,-1.097496033,0.321814444,0.06306
310,7/8/2019,376.1600037,-1.097496033,0.21669,-0.105124444
311,7/9/2019,379.9299927,3.769989014,0.25309,0.0364
312,7/10/2019,381,1.070007324,0.310435556,0.057345556
313,7/11/2019,379.5,-1.5,0.32294,0.012504444
314,7/12/2019,373.25,-6.25,0.417336667,0.094396667
315,7/13/2019,369.9250031,-3.324996948,0.359208889,-0.058127778
316,7/14/2019,368.2625046,-1.662498474,0.235981111,-0.123227778
317,7/15/2019,366.6000061,-1.662498474,0.258516667,0.022535556
318,7/16/2019,365.9899902,-0.610015869,0.344405556,0.085888889
319,7/17/2019,362.4400024,-3.549987793,0.201288889,-0.143116667
320,7/18/2019,325.2099915,-37.23001099,0.291717778,0.090428889
321,7/19/2019,315.1000061,-10.10998535,0.230316667,-0.061401111
322,7/20/2019,312.8600006,-2.240005493,0.148781111,-0.081535556
323,7/21/2019,311.7399979,-1.120002747,0.217231111,0.06845
324,7/22/2019,310.6199951,-1.120002747,0.29434,0.077108889
325,7/23/2019,307.2999878,-3.320007324,0.338272222,0.043932222
326,7/24/2019,317.9400024,10.64001465,0.31829,-0.019982222
327,7/25/2019,326.4599915,8.519989014,0.2735,-0.04479
328,7/26/2019,335.7799988,9.320007324,0.26352,-0.00998
329,7/27/2019,334.2400055,-1.539993286,0.268106667,0.004586667
330,7/28/2019,333.4700089,-0.769996643,0.245356667,-0.02275
331,7/29/2019,332.7000122,-0.769996643,0.19903,-0.046326667
332,7/30/2019,325.9299927,-6.770019531,0.297058889,0.098028889
333,7/31/2019,322.9899902,-2.940002441,0.432831111,0.135772222
334,8/1/2019,319.5,-3.489990234,0.224252222,-0.208578889
335,8/2/2019,318.8299866,-0.670013428,0.267691111,0.043438889
336,8/3/2019,313.2299957,-5.599990845,0.253874444,-0.013816667
337,8/4/2019,310.4300003,-2.799995422,0.270764444,0.01689
338,8/5/2019,307.6300049,-2.799995422,0.168112222,-0.102652222
339,8/6/2019,310.1000061,2.470001221,0.337465556,0.169353334
340,8/7/2019,304.2900085,-5.809997559,0.158484444,-0.178981112
341,8/8/2019,315.8999939,11.60998535,0.240132222,0.081647778
342,8/9/2019,308.9299927,-6.970001221,0.325586667,0.085454445
343,8/10/2019,309.8799896,0.949996948,0.307722222,-0.017864445
344,8/11/2019,310.3549881,0.474998474,0.259413333,-0.048308889
345,8/12/2019,310.8299866,0.474998474,0.32369,0.064276667
346,8/13/2019,312.2799988,1.450012207,0.300952222,-0.022737778
347,8/14/2019,299.1099854,-13.17001343,0.148477778,-0.152474444
348,8/15/2019,295.7600098,-3.349975586,0.335451111,0.186973333
349,8/16/2019,302.7999878,7.039978027,0.32803,-0.007421111
350,8/17/2019,306.0899963,3.290008545,0.255993333,-0.072036667
351,8/18/2019,307.7350006,1.645004272,0.381666667,0.125673334
352,8/19/2019,309.3800049,1.645004272,0.27907,-0.102596667
353,8/20/2019,298.9899902,-10.39001465,0.331716667,0.052646667
354,8/21/2019,297.8099976,-1.179992676,0.248955556,-0.082761111
355,8/22/2019,296.9299927,-0.880004883,0.264402222,0.015446666
356,8/23/2019,291.4400024,-5.489990234,0.261645556,-0.002756666
357,8/24/2019,293.2100067,1.770004272,0.119925556,-0.14172
358,8/25/2019,294.0950089,0.885002136,0.28691,0.166984444
359,8/26/2019,294.980011,0.885002136,0.199057778,-0.087852222
360,8/27/2019,291.0299988,-3.950012207,0.195177778,-0.00388
361,8/28/2019,291.769989,0.739990234,0.210543333,0.015365555
362,8/29/2019,296.7799988,5.010009766,0.361577778,0.151034445
363,8/30/2019,293.75,-3.029998779,0.331864444,-0.029713334
364,8/31/2019,291.5200043,-2.229995728,0.313133333,-0.018731111
373,9/9/2019,294.3399963,1.042495728,0.31736,0.004226667
374,9/10/2019,287.9899902,-6.350006104,0.275601111,-0.041758889
375,9/11/2019,288.269989,0.279998779,0.31024,0.034638889
376,9/12/2019,288.8599854,0.589996338,0.380606667,0.070366667
377,9/13/2019,294.1499939,5.290008545,0.28501,-0.095596667
378,9/14/2019,294.2200012,0.070007324,0.320478889,0.035468889
379,9/15/2019,294.2550049,0.035003662,0.319392222,-0.001086667
380,9/16/2019,294.2900085,0.035003662,0.164547778,-0.154844444
381,9/17/2019,298.6000061,4.309997559,0.258964444,0.094416666
382,9/18/2019,291.5599976,-7.040008545,0.254454444,-0.00451
383,9/19/2019,286.6000061,-4.959991455,0.317222222,0.062767778
384,9/20/2019,270.75,-15.8500061,0.216576667,-0.100645555
385,9/21/2019,268.3350067,-2.414993286,0.263145556,0.046568889
386,9/22/2019,267.1275101,-1.207496643,0.295681111,0.032535555
387,9/23/2019,265.9200134,-1.207496643,0.289417778,-0.006263333
388,9/24/2019,254.5899963,-11.33001709,0.231106667,-0.058311111
389,9/25/2019,264.75,10.16000366,0.397834444,0.166727777
390,9/26/2019,263.3099976,-1.440002441,0.27694,-0.120894444
391,9/27/2019,263.0799866,-0.230010986,0.318822222,0.041882222
392,9/28/2019,265.3499908,2.270004272,0.317265556,-0.001556666
393,9/29/2019,266.484993,1.135002136,0.331546667,0.014281111
394,9/30/2019,267.6199951,1.135002136,0.279144444,-0.052402223
395,10/1/2019,269.5799866,1.959991455,0.379036667,0.099892223
396,10/2/2019,268.0299988,-1.549987793,0.279545556,-0.099491111
397,10/3/2019,268.1499939,0.119995117,0.19036,-0.089185556
398,10/4/2019,272.7900085,4.640014648,0.187415556,-0.002944444
399,10/5/2019,273.625,0.834991455,0.209205556,0.02179
400,10/6/2019,274.0424957,0.417495728,0.297905556,0.0887
401,10/7/2019,274.4599915,0.417495728,0.362194444,0.064288888
402,10/8/2019,270.7200012,-3.739990234,0.289596667,-0.072597777
403,10/9/2019,267.5299988,-3.190002441,0.310374444,0.020777777
404,10/10/2019,280.480011,12.95001221,0.332734444,0.02236
405,10/11/2019,282.9299927,2.449981689,0.240465556,-0.092268888
406,10/12/2019,284.2299957,1.300003052,0.207397778,-0.033067778
407,10/13/2019,284.8799973,0.650001526,0.273327778,0.06593
408,10/14/2019,285.5299988,0.650001526,0.2979,0.024572222
409,10/15/2019,284.25,-1.279998779,0.196083333,-0.101816667
410,10/16/2019,286.2799988,2.029998779,0.219387778,0.023304445
411,10/17/2019,293.3500061,7.070007324,0.252403333,0.033015555
412,10/18/2019,275.2999878,-18.05001831,0.134225556,-0.118177777
413,10/19/2019,276.6749878,1.375,0.232928889,0.098703333
414,10/20/2019,277.3624878,0.6875,0.402727778,0.169798889
415,10/21/2019,278.0499878,0.6875,0.183644444,-0.219083334
416,10/22/2019,266.6900024,-11.35998535,0.207502222,0.023857778
417,10/23/2019,271.269989,4.579986572,0.256743333,0.049241111
418,10/24/2019,271.5,0.230010986,0.212872222,-0.043871111
419,10/25/2019,276.8200073,5.320007324,0.392291111,0.179418889
420,10/26/2019,279.3399963,2.519989014,0.374816667,-0.017474444
421,10/27/2019,280.5999908,1.259994507,0.307792222,-0.067024445
422,10/28/2019,281.8599854,1.259994507,0.226552222,-0.08124
423,10/29/2019,281.2099915,-0.649993896,0.19676,-0.029792222
424,10/30/2019,291.4500122,10.24002075,0.234133333,0.037373333
425,10/31/2019,287.4100037,-4.040008545,0.232706667,-0.001426666
426,11/1/2019,286.8099976,-0.600006104,0.328591111,0.095884444
427,11/2/2019,289.8349915,3.024993896,0.311302222,-0.017288889
428,11/3/2019,291.3474884,1.512496948,0.276483333,-0.034818889
429,11/4/2019,292.8599854,1.512496948,0.191553333,-0.08493
430,11/5/2019,288.0299988,-4.829986572,0.247572222,0.056018889
431,11/6/2019,288.5899963,0.559997559,0.238255556,-0.009316666
432,11/7/2019,289.5700073,0.980010986,0.363597778,0.125342222
433,11/8/2019,291.5700073,2,0.328644444,-0.034953334
434,11/9/2019,292.875,1.304992676,0.272173333,-0.056471111
435,11/10/2019,293.5274963,0.652496338,0.334838889,0.062665556
436,11/11/2019,294.1799927,0.652496338,0.240664444,-0.094174445
437,11/12/2019,292.0100098,-2.16998291,0.306445556,0.065781112
438,11/13/2019,283.1099854,-8.900024414,0.321118889,0.014673333
439,11/14/2019,289.6199951,6.510009766,0.264214444,-0.056904445
440,11/15/2019,295.0299988,5.410003662,0.337374725,0.073160281
441,11/16/2019,298.8000031,3.770004272,0.295805618,-0.041569107
442,11/17/2019,300.6850052,1.885002136,0.296582222,0.000776604
443,11/18/2019,302.5700073,1.885002136,0.276424444,-0.020157778
444,11/19/2019,302.6000061,0.029998779,0.291765556,0.015341112
445,11/20/2019,305.1600037,2.559997559,0.285722222,-0.006043334
446,11/21/2019,311.6900024,6.529998779,0.325597778,0.039875556
447,11/22/2019,310.480011,-1.209991455,0.351887778,0.02629
448,11/23/2019,313.0149994,2.534988403,0.354781111,0.002893333
449,11/24/2019,314.2824936,1.267494202,0.281088889,-0.073692222
450,11/25/2019,315.5499878,1.267494202,0.291073333,0.009984444
451,11/26/2019,312.4899902,-3.059997559,0.190134444,-0.100938889
452,11/27/2019,315.9299927,3.440002441,0.292461111,0.102326667
453,11/28/2019,315.2949982,-0.634994507,0.303594505,0.011133394
454,11/29/2019,314.6600037,-0.634994507,0.345467416,0.041872911
455,11/30/2019,312.3249969,-2.335006714,0.310241111,-0.035226305
456,12/1/2019,311.1574936,-1.167503357,0.343558889,0.033317778
457,12/2/2019,309.9899902,-1.167503357,0.268281111,-0.075277778
458,12/3/2019,306.1600037,-3.829986572,0.271017778,0.002736667
459,12/4/2019,304.3200073,-1.839996338,0.397471111,0.126453333
460,12/5/2019,302.8599854,-1.460021973,0.333641111,-0.06383
461,12/6/2019,307.3500061,4.490020752,0.243433333,-0.090207778
462,12/7/2019,304.9250031,-2.425003052,0.348486667,0.105053334
463,12/8/2019,303.7125015,-1.212501526,0.229086667,-0.1194
464,12/9/2019,302.5,-1.212501526,0.341524444,0.112437777
465,12/10/2019,293.1199951,-9.380004883,0.30626,-0.035264444
466,12/11/2019,298.9299927,5.809997559,0.342578889,0.036318889
467,12/12/2019,298.4400024,-0.489990234,0.335562222,-0.007016667
468,12/13/2019,298.5,0.059997559,0.363218889,0.027656667
469,12/14/2019,301.3549957,2.854995728,0.268512222,-0.094706667
470,12/15/2019,302.7824936,1.427497864,0.312335556,0.043823334
471,12/16/2019,304.2099915,1.427497864,0.31244,0.000104444
472,12/17/2019,315.480011,11.27001953,0.30457,-0.00787
473,12/18/2019,320.7999878,5.319976807,0.230061111,-0.074508889
474,12/19/2019,332.2200012,11.42001343,0.314803333,0.084742222
475,12/20/2019,336.8999939,4.679992676,0.376432222,0.061628889
476,12/21/2019,335,-1.899993896,0.367874444,-0.008557778
477,12/22/2019,334.0500031,-0.949996948,0.25712,-0.110754444
478,12/23/2019,333.1000061,-0.949996948,0.318097778,0.060977778
479,12/24/2019,333.2000122,0.100006104,0.389214444,0.071116666
480,12/25/2019,332.9150085,-0.285003662,0.36047,-0.028744444
481,12/26/2019,332.6300049,-0.285003662,0.31621,-0.04426
482,12/27/2019,329.0899963,-3.540008545,0.29999,-0.01622
483,12/28/2019,326.1999969,-2.88999939,0.360362222,0.060372222
484,12/29/2019,324.7549973,-1.444999695,0.244145556,-0.116216666
485,12/30/2019,323.3099976,-1.444999695,0.22171,-0.022435556
486,12/31/2019,323.5700073,0.260009766,0.38386,0.16215
487,1/1/2020,326.6900024,3.119995117,0.418568889,0.034708889
488,1/2/2020,329.8099976,3.119995117,0.308536667,-0.110032222
489,1/3/2020,325.8999939,-3.910003662,0.305157778,-0.003378889
490,1/4/2020,330.8649902,4.964996338,0.308213333,0.003055555
491,1/5/2020,333.3474884,2.482498169,0.274338889,-0.033874444
492,1/6/2020,335.8299866,2.482498169,0.278328889,0.00399
493,1/7/2020,330.75,-5.079986572,0.225955556,-0.052373333
494,1/8/2020,339.2600098,8.510009766,0.274935556,0.04898
495,1/9/2020,335.6600037,-3.600006104,0.275491111,0.000555555
496,1/10/2020,329.0499878,-6.610015869,0.312518889,0.037027778
497,1/11/2020,333.9850006,4.935012817,0.299713333,-0.012805556
498,1/12/2020,336.452507,2.467506409,0.281014444,-0.018698889
499,1/13/2020,338.9200134,2.467506409,0.298461111,0.017446667
500,1/14/2020,338.6900024,-0.230010986,0.304058889,0.005597778
501,1/15/2020,339.0700073,0.380004883,0.253138889,-0.05092
502,1/16/2020,338.6199951,-0.450012207,0.162872222,-0.090266667
503,1/17/2020,339.6700134,1.050018311,0.293618889,0.130746667
504,1/18/2020,338.8899994,-0.780014038,0.264207778,-0.029411111
505,1/19/2020,338.4999924,-0.390007019,0.343996667,0.079788889
506,1/20/2020,338.3049889,-0.19500351,0.247571111,-0.096425556
507,1/21/2020,338.1099854,-0.19500351,0.257316667,0.009745556
508,1/22/2020,326,-12.10998535,0.328163333,0.070846666
509,1/23/2020,349.6000061,23.6000061,0.325071111,-0.003092222
510,1/24/2020,353.1600037,3.559997559,0.262404444,-0.062666667
511,1/25/2020,348.0200043,-5.13999939,0.258311111,-0.004093333
512,1/26/2020,345.4500046,-2.569999695,0.326814444,0.068503333
513,1/27/2020,342.8800049,-2.569999695,0.216892222,-0.109922222
514,1/28/2020,348.519989,5.639984131,0.211724444,-0.005167778
515,1/29/2020,343.1600037,-5.359985352,0.314954444,0.10323
516,1/30/2020,347.7399902,4.579986572,0.377881111,0.062926667
517,1/31/2020,345.0899963,-2.649993896,0.419037778,0.041156667
518,2/1/2020,351.5449982,6.455001831,0.339922222,-0.079115556
519,2/2/2020,354.7724991,3.227500916,0.373694565,0.033772343
520,2/3/2020,358,3.227500916,0.384997727,0.011303162
521,2/4/2020,369.0100098,11.01000977,0.250267778,-0.134729949
522,2/5/2020,369.6700134,0.660003662,0.323996667,0.073728889
523,2/6/2020,366.9500122,-2.720001221,0.336763333,0.012766666
524,2/7/2020,366.769989,-0.180023193,0.285966667,-0.050796666
525,2/8/2020,368.9199982,2.150009155,0.275398889,-0.010567778
526,2/9/2020,369.9950027,1.075004578,0.214356667,-0.061042222
527,2/10/2020,371.0700073,1.075004578,0.353215556,0.138858889
528,2/11/2020,373.6900024,2.619995117,0.324551111,-0.028664445
529,2/12/2020,380.0100098,6.320007324,0.364528889,0.039977778
530,2/13/2020,381.3999939,1.389984131,0.300966667,-0.063562222
531,2/14/2020,380.3999939,-1,0.298835556,-0.002131111
532,2/15/2020,384.0899963,3.690002441,0.316178889,0.017343333
533,2/16/2020,385.9349976,1.845001221,0.314362222,-0.001816667
534,2/17/2020,386.8574982,0.92250061,0.392256667,0.077894445
535,2/18/2020,387.7799988,0.92250061,0.348894444,-0.043362223
536,2/19/2020,386.1900024,-1.589996338,0.346432222,-0.002462222
537,2/20/2020,386,-0.190002441,0.319116667,-0.027315555
538,2/21/2020,380.0700073,-5.929992676,0.290283333,-0.028833334
539,2/22/2020,374.3850098,-5.684997559,0.25442,-0.035863333
540,2/23/2020,371.542511,-2.842498779,0.191486667,-0.062933333
541,2/24/2020,368.7000122,-2.842498779,0.274688889,0.083202222
542,2/25/2020,360.0899963,-8.610015869,0.31528,0.040591111
543,2/26/2020,379.2399902,19.1499939,0.274758889,-0.040521111
544,2/27/2020,371.7099915,-7.529998779,0.29843,0.023671111
545,2/28/2020,369.0299988,-2.679992676,0.237798889,-0.060631111
546,2/29/2020,375.0399933,6.009994507,0.273881111,0.036082222
547,3/1/2020,378.0449905,3.004997253,0.236153333,-0.037727778
548,3/2/2020,381.0499878,3.004997253,0.30485,0.068696667
549,3/3/2020,368.769989,-12.27999878,0.265514444,-0.039335556
550,3/4/2020,383.7900085,15.02001953,0.283963333,0.018448889
551,3/5/2020,372.7799988,-11.01000977,0.263437778,-0.020525555
552,3/6/2020,368.9700012,-3.809997559,0.35057,0.087132222
553,3/7/2020,357.7299957,-11.24000549,0.312053333,-0.038516667
554,3/8/2020,352.109993,-5.620002747,0.348626667,0.036573334
555,3/9/2020,346.4899902,-5.620002747,0.294793333,-0.053833334
556,3/10/2020,364.1300049,17.64001465,0.268262222,-0.026531111
557,3/11/2020,349.9200134,-14.20999146,0.306282222,0.03802
558,3/12/2020,315.25,-34.67001343,0.224963333,-0.081318889
559,3/13/2020,336.2999878,21.04998779,0.283393333,0.05843
560,3/14/2020,317.5699921,-18.72999573,0.293748889,0.010355556
561,3/15/2020,308.2049942,-9.364997864,0.287856667,-0.005892222
562,3/16/2020,298.8399963,-9.364997864,0.304477778,0.016621111
563,3/17/2020,319.75,20.91000366,0.321884444,0.017406666
564,3/18/2020,315.4700012,-4.279998779,0.315058889,-0.006825555
565,3/19/2020,332.0299988,16.55999756,0.243305556,-0.071753333
566,3/20/2020,332.8299866,0.799987793,0.320952222,0.077646666
567,3/21/2020,346.5499878,13.72000122,0.279787778,-0.041164444
568,3/22/2020,353.4099884,6.86000061,0.210687778,-0.0691
569,3/23/2020,360.269989,6.86000061,0.24713,0.036442222
570,3/24/2020,357.3200073,-2.949981689,0.206516667,-0.040613333
571,3/25/2020,342.3900146,-14.92999268,0.247565556,0.041048889
572,3/26/2020,362.9899902,20.59997559,0.160624444,-0.086941112
573,3/27/2020,357.1199951,-5.869995117,0.219272222,0.058647778
574,3/28/2020,364.0399933,6.919998169,0.186715556,-0.032556666
575,3/29/2020,367.4999924,3.459999084,0.212765556,0.02605
576,3/30/2020,370.9599915,3.459999084,0.274294444,0.061528888
577,3/31/2020,375.5,4.540008545,0.319264444,0.04497
578,4/1/2020,364.0799866,-11.42001343,0.273193333,-0.046071111
579,4/2/2020,370.0799866,6,0.255598889,-0.017594444
580,4/3/2020,361.7600098,-8.319976807,0.267208889,0.01161
581,4/4/2020,370.8600006,9.099990845,0.229885556,-0.037323333
582,4/5/2020,375.409996,4.549995422,0.266164444,0.036278888
583,4/6/2020,379.9599915,4.549995422,0.281131111,0.014966667
584,4/7/2020,372.2799988,-7.679992676,0.297017778,0.015886667
585,4/8/2020,371.1199951,-1.160003662,0.25802,-0.038997778
586,4/9/2020,370.7200012,-0.399993896,0.288423333,0.030403333
587,4/10/2020,383.7200012,13,0.301752222,0.013328889
588,4/11/2020,390.2200012,6.5,0.317495556,0.015743334
589,4/12/2020,393.4700012,3.25,0.297176667,-0.020318889
590,4/13/2020,396.7200012,3.25,0.276331111,-0.020845556
591,4/14/2020,413.5499878,16.82998657,0.195548889,-0.080782222
592,4/15/2020,426.75,13.20001221,0.318106667,0.122557778
593,4/16/2020,439.1700134,12.42001343,0.284314444,-0.033792223
594,4/17/2020,422.9599915,-16.21002197,0.246122222,-0.038192222
595,4/18/2020,430.2249908,7.26499939,0.413824444,0.167702222
596,4/19/2020,433.8574905,3.632499695,0.277914444,-0.13591
597,4/20/2020,437.4899902,3.632499695,0.238957778,-0.038956666
598,4/21/2020,433.8299866,-3.660003662,0.294493333,0.055535555
599,4/22/2020,421.4200134,-12.40997314,0.279147778,-0.015345555
600,4/23/2020,426.7000122,5.279998779,0.317112222,0.037964444
601,4/24/2020,424.9899902,-1.710021973,0.363454444,0.046342222
602,4/25/2020,423.1849976,-1.804992676,0.242052222,-0.121402222
603,4/26/2020,422.2825012,-0.902496338,0.331455556,0.089403334
604,4/27/2020,421.3800049,-0.902496338,0.335246667,0.003791111
605,4/28/2020,403.8299866,-17.55001831,0.34809,0.012843333
606,4/29/2020,411.8900146,8.060028076,0.332852222,-0.015237778
607,4/30/2020,419.8500061,7.959991455,0.265505556,-0.067346666
608,5/1/2020,415.269989,-4.58001709,0.28845,0.022944444
609,5/2/2020,421.7099915,6.440002441,0.35452,0.06607
610,5/3/2020,424.9299927,3.220001221,0.30788,-0.04664
611,5/4/2020,428.1499939,3.220001221,0.345765556,0.037885556
612,5/5/2020,424.6799927,-3.470001221,0.328615556,-0.01715
613,5/6/2020,434.2600098,9.58001709,0.320596667,-0.008018889
614,5/7/2020,436.5299988,2.269989014,0.266815556,-0.053781111
615,5/8/2020,435.5499878,-0.980010986,0.278941111,0.012125555
616,5/9/2020,438.0349884,2.48500061,0.422446667,0.143505556
617,5/10/2020,439.2774887,1.242500305,0.295074444,-0.127372223
618,5/11/2020,440.519989,1.242500305,0.27587,-0.019204444
619,5/12/2020,431.8200073,-8.699981689,0.350791111,0.074921111
620,5/13/2020,438.269989,6.449981689,0.322175556,-0.028615555
621,5/14/2020,441.9500122,3.680023193,0.185902222,-0.136273334
622,5/15/2020,454.1900024,12.23999023,0.259562222,0.07366
623,5/16/2020,453.3849945,-0.805007935,0.354676667,0.095114445
624,5/17/2020,452.9824905,-0.402503967,0.341575556,-0.013101111
625,5/18/2020,452.5799866,-0.402503967,0.292462222,-0.049113334
626,5/19/2020,451.0400085,-1.539978027,0.276872222,-0.01559
627,5/20/2020,447.6700134,-3.369995117,0.284724444,0.007852222
628,5/21/2020,436.25,-11.42001343,0.305152222,0.020427778
629,5/22/2020,429.3200073,-6.929992676,0.314491111,0.009338889
630,5/23/2020,422.0449982,-7.275009155,0.227517778,-0.086973333
631,5/24/2020,418.4074936,-3.637504578,0.429796667,0.202278889
632,5/25/2020,416.5887413,-1.818752289,0.337377778,-0.092418889
633,5/26/2020,414.769989,-1.818752289,0.355176667,0.017798889
634,5/27/2020,419.8900146,5.120025635,0.261802222,-0.093374445
635,5/28/2020,413.4400024,-6.450012207,0.339995556,0.078193334
636,5/29/2020,419.730011,6.290008545,0.323665556,-0.01633
637,5/30/2020,422.8250122,3.095001221,0.341023333,0.017357777
638,5/31/2020,424.3725128,1.54750061,0.207203333,-0.13382
639,6/1/2020,425.9200134,1.54750061,0.194021111,-0.013182222
640,6/2/2020,427.3099976,1.389984131,0.199702222,0.005681111
641,6/3/2020,421.9700012,-5.339996338,0.209282222,0.00958
642,6/4/2020,414.3299866,-7.640014648,0.220698889,0.011416667
643,6/5/2020,419.6000061,5.270019531,0.256,0.035301111
644,6/6/2020,419.5449982,-0.055007935,0.306561111,0.050561111
645,6/7/2020,419.5174942,-0.027503967,0.275528889,-0.031032222
646,6/8/2020,419.4899902,-0.027503967,0.284021111,0.008492222
647,6/9/2020,434.0499878,14.55999756,0.243686667,-0.040334444
648,6/10/2020,434.480011,0.430023193,0.265426667,0.02174
649,6/11/2020,425.5599976,-8.920013428,0.242253333,-0.023173334
650,6/12/2020,418.0700073,-7.489990234,0.276121111,0.033867778
651,6/13/2020,421.7850037,3.714996338,0.254312222,-0.021808889
652,6/14/2020,423.6425018,1.857498169,0.320261111,0.065948889
653,6/15/2020,425.5,1.857498169,0.356598889,0.036337778
654,6/16/2020,436.1300049,10.63000488,0.182986667,-0.173612222
655,6/17/2020,447.769989,11.63998413,0.216897778,0.033911111
656,6/18/2020,449.8699951,2.100006104,0.31502,0.098122222
657,6/19/2020,453.7200012,3.850006104,0.325076667,0.010056667
658,6/20/2020,460.8800049,7.160003662,0.242846667,-0.08223
659,6/21/2020,464.4600067,3.580001831,0.325975556,0.083128889
660,6/22/2020,468.0400085,3.580001831,0.253422222,-0.072553334
661,6/23/2020,466.2600098,-1.779998779,0.244997778,-0.008424444
662,6/24/2020,457.8500061,-8.410003662,0.384166667,0.139168889
663,6/25/2020,465.9100037,8.059997559,0.30681,-0.077356667
664,6/26/2020,443.3999939,-22.51000977,0.314413333,0.007603333
665,6/27/2020,445.3199921,1.919998169,0.313836667,-0.000576666
666,6/28/2020,446.2799911,0.959999084,0.287534444,-0.026302223
667,6/29/2020,447.2399902,0.959999084,0.285748889,-0.001785555
668,6/30/2020,455.0400085,7.800018311,0.339692222,0.053943333
669,7/1/2020,485.6400146,30.6000061,0.334464444,-0.005227778
670,7/2/2020,476.8900146,-8.75,0.251874444,-0.08259
671,7/3/2020,485.3500061,8.459991455,0.232908889,-0.018965555
672,7/4/2020,489.5800018,4.229995728,0.266481111,0.033572222
673,7/5/2020,491.6949997,2.114997864,0.244408889,-0.022072222
674,7/6/2020,493.8099976,2.114997864,0.140047778,-0.104361111
675,7/7/2020,493.1600037,-0.649993896,0.202742222,0.062694444
676,7/8/2020,502.7799988,9.619995117,0.30318,0.100437778
677,7/9/2020,507.7600098,4.980010986,0.311711111,0.008531111
678,7/10/2020,548.7299805,40.9699707,0.302056667,-0.009654444
679,7/11/2020,537.1149902,-11.61499023,0.456488889,0.154432222
680,7/12/2020,531.3074951,-5.807495117,0.356685556,-0.099803333
681,7/13/2020,525.5,-5.807495117,0.284712222,-0.071973334
682,7/14/2020,524.8800049,-0.619995117,0.28563,0.000917778
683,7/15/2020,523.2600098,-1.619995117,0.282841111,-0.002788889
684,7/16/2020,527.3900146,4.130004883,0.255721111,-0.02712
685,7/17/2020,492.9899902,-34.40002441,0.227865556,-0.027855555
686,7/18/2020,497.6999969,4.710006714,0.310946667,0.083081111
687,7/19/2020,500.0550003,2.355003357,0.279174444,-0.031772223
688,7/20/2020,502.4100037,2.355003357,0.269198889,-0.009975555
689,7/21/2020,490.1000061,-12.30999756,0.266745556,-0.002453333
690,7/22/2020,489.8200073,-0.279998779,0.230022222,-0.036723334
691,7/23/2020,477.5799866,-12.24002075,0.273751111,0.043728889
692,7/24/2020,480.4500122,2.870025635,0.340962222,0.067211111
693,7/25/2020,488.0500031,7.599990845,0.269916667,-0.071045555
694,7/26/2020,491.8499985,3.799995422,0.302517778,0.032601111
695,7/27/2020,495.6499939,3.799995422,0.239285556,-0.063232222
696,7/28/2020,488.5100098,-7.139984131,0.36637,0.127084444
697,7/29/2020,484.480011,-4.029998779,0.219337778,-0.147032222
698,7/30/2020,485.7999878,1.319976807,0.274933333,0.055595555
699,7/31/2020,488.8800049,3.08001709,0.303741111,0.028807778
700,8/1/2020,493.75,4.869995117,0.305425556,0.001684445
701,8/2/2020,496.1849976,2.434997559,0.277397778,-0.028027778
702,8/3/2020,498.6199951,2.434997559,0.16548,-0.111917778
703,8/4/2020,509.6400146,11.02001953,0.327416667,0.161936667
704,8/5/2020,502.1099854,-7.530029297,0.322384444,-0.005032223
705,8/6/2020,509.0799866,6.970001221,0.341722222,0.019337778
706,8/7/2020,494.730011,-14.34997559,0.38225,0.040527778
707,8/8/2020,489.0550079,-5.675003052,0.288287778,-0.093962222
708,8/9/2020,486.2175064,-2.837501526,0.328982222,0.040694444
709,8/10/2020,483.3800049,-2.837501526,0.319971111,-0.009011111
710,8/11/2020,466.9299927,-16.45001221,0.333098889,0.013127778
711,8/12/2020,475.4700012,8.540008545,0.265298889,-0.0678
712,8/13/2020,481.3299866,5.859985352,0.231628889,-0.03367
713,8/14/2020,482.6799927,1.350006104,0.293427778,0.061798889
714,8/15/2020,482.5149994,-0.164993286,0.222946667,-0.070481111
715,8/16/2020,482.4325027,-0.082496643,0.21766,-0.005286667
716,8/17/2020,482.3500061,-0.082496643,0.325788889,0.108128889
717,8/18/2020,491.8699951,9.519989014,0.286405556,-0.039383333
718,8/19/2020,484.5299988,-7.339996338,0.242202222,-0.044203334
719,8/20/2020,497.8999939,13.36999512,0.263356667,0.021154445
720,8/21/2020,492.3099976,-5.589996338,0.167711111,-0.095645556
721,8/22/2020,490.5599976,-1.75,0.26421,0.096498889
722,8/23/2020,489.6849976,-0.875,0.261948889,-0.002261111
723,8/24/2020,488.8099976,-0.875,0.137005556,-0.124943333
724,8/25/2020,490.5799866,1.769989014,0.30632,0.169314444
725,8/26/2020,547.5300293,56.95004272,0.252498889,-0.053821111
726,8/27/2020,526.2700195,-21.26000977,0.258766667,0.006267778
727,8/28/2020,523.8900146,-2.380004883,0.382967778,0.124201111
728,8/29/2020,526.7250061,2.834991455,0.358156667,-0.024811111
729,8/30/2020,528.1425018,1.417495728,0.273686667,-0.08447
730,8/31/2020,529.5599976,1.417495728,0.343372222,0.069685555
731,9/1/2020,556.5499878,26.98999023,0.21807,-0.125302222
732,9/1/2020,556.5499878,26.98999023,0.220258889,0.002188889
733,9/2/2020,552.8400269,-3.709960938,0.308142222,0.087883333
734,9/2/2020,552.8400269,-3.709960938,0.326597778,0.018455556
735,9/3/2020,525.75,-27.09002686,0.204757778,-0.12184
736,9/3/2020,525.75,-27.09002686,0.319214444,0.114456666
737,9/4/2020,516.0499878,-9.700012207,0.323693333,0.004478889
738,9/4/2020,516.0499878,-9.700012207,0.266103333,-0.05759
739,9/5/2020,511.5349884,-4.51499939,0.251071111,-0.015032222
740,9/5/2020,511.5349884,-4.51499939,0.212384444,-0.038686667
741,9/6/2020,509.2774887,-2.257499695,0.233471111,0.021086667
742,9/6/2020,509.2774887,-2.257499695,0.321851111,0.08838
743,9/7/2020,508.1487389,-1.128749847,0.330032222,0.008181111
744,9/7/2020,508.1487389,-1.128749847,0.222592222,-0.10744
745,9/8/2020,507.019989,-1.128749847,0.283246667,0.060654445
746,9/8/2020,507.019989,-1.128749847,0.314592222,0.031345555
747,9/9/2020,500.1900024,-6.829986572,0.26947,-0.045122222
748,9/9/2020,500.1900024,-6.829986572,0.265628889,-0.003841111
749,9/10/2020,480.6700134,-19.51998901,0.209905556,-0.055723333
750,9/11/2020,482.0299988,1.359985352,0.063641111,-0.146264445
751,9/12/2020,479.1450043,-2.884994507,0.159294444,0.095653333
752,9/13/2020,477.702507,-1.442497253,0.295111111,0.135816667
753,9/14/2020,476.2600098,-1.442497253,0.192992222,-0.102118889
754,9/15/2020,495.9899902,19.72998047,0.178976667,-0.014015555
755,9/16/2020,483.8599854,-12.13000488,0.162191111,-0.016785556
756,9/17/2020,470.2000122,-13.65997314,0.141528889,-0.020662222
757,9/18/2020,469.9599915,-0.240020752,0.209523333,0.067994444
758,9/19/2020,478.6549988,8.695007324,0.2447,0.035176667
759,9/20/2020,483.0025024,4.347503662,0.257291111,0.012591111
760,9/21/2020,487.3500061,4.347503662,0.263168889,0.005877778
761,9/22/2020,491.1700134,3.820007324,0.34182,0.078651111
762,9/23/2020,470.6099854,-20.56002808,0.28791,-0.05391
763,9/24/2020,473.0799866,2.470001221,0.322641111,0.034731111
764,9/25/2020,482.8800049,9.800018311,0.309766667,-0.012874444
765,9/26/2020,486.7649994,3.884994507,0.196203333,-0.113563334
766,9/27/2020,488.7074966,1.942497253,0.203443333,0.00724
767,9/28/2020,490.6499939,1.942497253,0.127983333,-0.07546
768,9/29/2020,493.480011,2.83001709,0.285073333,0.15709
769,9/30/2020,500.0299988,6.549987793,0.250293333,-0.03478
770,10/1/2020,527.5100098,27.48001099,0.106405556,-0.143887777
771,10/2/2020,503.0599976,-24.45001221,0.143882222,0.037476666
772,10/3/2020,511.855011,8.795013428,0.301888889,0.158006667
773,10/4/2020,516.2525177,4.397506714,0.208725556,-0.093163333
774,10/5/2020,520.6500244,4.397506714,0.136578889,-0.072146667
775,10/6/2020,505.8699951,-14.7800293,0.322491111,0.185912222
776,10/7/2020,534.6599731,28.78997803,0.293231111,-0.02926
777,10/8/2020,531.789978,-2.869995117,0.307956667,0.014725556
778,10/9/2020,539.4400024,7.650024414,0.25637,-0.051586667
779,10/10/2020,539.625,0.184997559,0.192326667,-0.064043333
780,10/11/2020,539.7174988,0.092498779,0.228195556,0.035868889
781,10/12/2020,539.8099976,0.092498779,0.279654444,0.051458888
782,10/13/2020,554.0900269,14.2800293,0.33228,0.052625556
783,10/14/2020,541.4500122,-12.64001465,0.231317778,-0.100962222
784,10/15/2020,541.9400024,0.489990234,0.230653333,-0.000664445
785,10/16/2020,530.789978,-11.15002441,0.335086667,0.104433334
786,10/17/2020,530.7549744,-0.035003662,0.356712222,0.021625555
787,10/18/2020,530.7374725,-0.017501831,0.266772222,-0.08994
788,10/19/2020,530.7199707,-0.017501831,0.188764444,-0.078007778
789,10/20/2020,525.4199829,-5.299987793,0.360698889,0.171934445
790,10/21/2020,489.0499878,-36.36999512,0.318881111,-0.041817778
791,10/22/2020,485.230011,-3.819976807,0.26467,-0.054211111
792,10/23/2020,488.2799988,3.049987793,0.214748889,-0.049921111
793,10/24/2020,488.2599945,-0.020004272,0.268168889,0.05342
794,10/25/2020,488.2499924,-0.010002136,0.276807778,0.008638889
795,10/26/2020,488.2399902,-0.010002136,0.274664444,-0.002143334
796,10/27/2020,488.9299927,0.690002441,0.266323333,-0.008341111
797,10/28/2020,486.2399902,-2.690002441,0.284505556,0.018182223
798,10/29/2020,504.2099915,17.97000122,0.239451111,-0.045054445
799,10/30/2020,475.7399902,-28.47000122,0.291155556,0.051704445
800,10/31/2020,479.9299927,4.190002441,0.211327778,-0.079827778
801,11/1/2020,482.0249939,2.095001221,0.274653333,0.063325555
802,11/2/2020,484.1199951,2.095001221,0.354396667,0.079743334
803,11/3/2020,487.2200012,3.100006104,0.265572222,-0.088824445
804,11/4/2020,496.9500122,9.730010986,0.314216667,0.048644445
805,11/5/2020,513.7600098,16.80999756,0.220505556,-0.093711111
806,11/6/2020,514.7299805,0.969970703,0.341986667,0.121481111
807,11/7/2020,492.6149902,-22.11499023,0.364187778,0.022201111
808,11/8/2020,481.5574951,-11.05749512,0.324022222,-0.040165556
809,11/9/2020,470.5,-11.05749512,0.333964444,0.009942222
810,11/10/2020,480.2399902,9.739990234,0.29072,-0.043244444
811,11/11/2020,490.7600098,10.52001953,0.295371111,0.004651111
812,11/12/2020,486.769989,-3.990020752,0.292851111,-0.00252
813,11/13/2020,482.8399963,-3.929992676,0.35749,0.064638889
814,11/14/2020,480.9700012,-1.869995117,0.308131111,-0.049358889
815,11/15/2020,480.0350037,-0.934997559,0.297898889,-0.010232222
816,11/16/2020,479.1000061,-0.934997559,0.271985556,-0.025913333
817,11/17/2020,480.6300049,1.529998779,0.341908889,0.069923333
818,11/18/2020,481.7900085,1.160003662,0.427004444,0.085095555
819,11/19/2020,484.6700134,2.880004883,0.291074444,-0.13593
820,11/20/2020,488.2399902,3.569976807,0.341991111,0.050916667
821,11/21/2020,482.4299927,-5.809997559,0.367573333,0.025582222
822,11/22/2020,479.5249939,-2.904998779,0.280888889,-0.086684444
823,11/23/2020,476.6199951,-2.904998779,0.252936667,-0.027952222
824,11/24/2020,482.8800049,6.260009766,0.350462222,0.097525555
825,11/25/2020,485,2.119995117,0.319425556,-0.031036666
826,11/26/2020,488.1799927,3.179992676,0.286914444,-0.032511112
827,11/27/2020,491.3599854,3.179992676,0.333085556,0.046171112
828,11/28/2020,491.0299988,-0.329986572,0.326488889,-0.006596667
829,11/29/2020,490.8650055,-0.164993286,0.327275556,0.000786667
830,11/30/2020,490.7000122,-0.164993286,0.322531111,-0.004744445
831,12/1/2020,504.5799866,13.87997437,0.35218,0.029648889
832,12/2/2020,503.3800049,-1.199981689,0.310975556,-0.041204444
833,12/3/2020,497.519989,-5.860015869,0.214766667,-0.096208889
834,12/4/2020,498.3099976,0.790008545,0.275621111,0.060854444
835,12/5/2020,507.0450134,8.735015869,0.307586667,0.031965556
836,12/6/2020,511.4125214,4.367507935,0.307971111,0.000384444
837,12/7/2020,515.7800293,4.367507935,0.177105556,-0.130865555
838,12/8/2020,512.6599731,-3.120056152,0.310062222,0.132956666
839,12/9/2020,493.6000061,-19.05996704,0.313711111,0.003648889
840,12/10/2020,501.0899963,7.489990234,0.289461111,-0.02425
841,12/11/2020,503.2200012,2.130004883,0.365018889,0.075557778
842,12/12/2020,512.8199921,9.599990845,0.341653333,-0.023365556
843,12/13/2020,517.6199875,4.799995422,0.311785556,-0.029867777
844,12/14/2020,522.4199829,4.799995422,0.339533333,0.027747777
845,12/15/2020,519.7800293,-2.639953613,0.201855556,-0.137677777
846,12/16/2020,524.8300171,5.049987793,0.344865556,0.14301
847,12/17/2020,532.9000244,8.070007324,0.28418,-0.060685556
848,12/18/2020,534.4500122,1.549987793,0.36006,0.07588
849,12/19/2020,531.6799927,-2.770019531,0.288932222,-0.071127778
850,12/20/2020,530.2949829,-1.385009766,0.28563,-0.003302222
851,12/21/2020,528.9099731,-1.385009766,0.284607778,-0.001022222
852,12/22/2020,527.3300171,-1.579956055,0.306228889,0.021621111
853,12/23/2020,514.4799805,-12.85003662,0.26097,-0.045258889
854,12/24/2020,513.9699707,-0.510009766,0.337202222,0.076232222
855,12/25/2020,516.5449829,2.575012207,0.311075556,-0.026126666
856,12/26/2020,517.832489,1.287506104,0.327087778,0.016012222
857,12/27/2020,518.4762421,0.643753052,0.340844444,0.013756666
858,12/28/2020,519.1199951,0.643753052,0.274693333,-0.066151111
859,12/29/2020,530.8699951,11.75,0.301535556,0.026842223
860,12/30/2020,524.5900269,-6.279968262,0.383946667,0.082411111
861,12/31/2020,540.7299805,16.13995361,0.427221111,0.043274444
862,1/1/2021,531.7949829,-8.934997559,0.33329,-0.093931111
863,1/2/2021,527.3274841,-4.467498779,0.221595556,-0.111694444
864,1/3/2021,525.0937347,-2.23374939,0.308393333,0.086797777
865,1/4/2021,522.8599854,-2.23374939,0.321882222,0.013488889
866,1/5/2021,520.7999878,-2.059997559,0.295876667,-0.026005555
867,1/6/2021,500.4899902,-20.30999756,0.26427,-0.031606667
868,1/7/2021,508.8900146,8.400024414,0.259912222,-0.004357778
869,1/8/2021,510.3999939,1.509979248,0.338811111,0.078898889
870,1/9/2021,504.75,-5.649993896,0.293582222,-0.045228889
871,1/10/2021,501.9250031,-2.824996948,0.269511111,-0.024071111
872,1/11/2021,499.1000061,-2.824996948,0.372933333,0.103422222
873,1/12/2021,494.25,-4.850006104,0.264793333,-0.10814
874,1/13/2021,507.7900085,13.54000854,0.293374444,0.028581111
875,1/14/2021,500.8599854,-6.930023193,0.308105556,0.014731112
876,1/15/2021,497.980011,-2.879974365,0.300374444,-0.007731112
877,1/16/2021,499.875,1.894989014,0.284586667,-0.015787777
878,1/17/2021,500.8224945,0.947494507,0.296414444,0.011827777
879,1/18/2021,501.2962418,0.473747253,0.279493333,-0.016921111
880,1/19/2021,501.769989,0.473747253,0.219744444,-0.059748889
881,1/20/2021,586.3400269,84.57003784,0.264114444,0.04437
882,1/21/2021,579.8400269,-6.5,0.268254444,0.00414
883,1/22/2021,565.1699829,-14.67004395,0.411903333,0.143648889
884,1/23/2021,560.9750061,-4.194976807,0.328692222,-0.083211111
885,1/24/2021,558.8775177,-2.097488403,0.314593333,-0.014098889
886,1/25/2021,556.7800293,-2.097488403,0.252397778,-0.062195555
887,1/26/2021,561.9299927,5.149963379,0.297736667,0.045338889
888,1/27/2021,523.2800293,-38.64996338,0.265542222,-0.032194445
889,1/28/2021,538.5999756,15.31994629,0.398691111,0.133148889
890,1/29/2021,532.3900146,-6.209960938,0.347321111,-0.05137
891,1/30/2021,535.7149963,3.324981689,0.403706667,0.056385556
892,1/31/2021,537.3774872,1.662490845,0.306535556,-0.097171111
893,2/1/2021,539.039978,1.662490845,0.300158889,-0.006376667
894,2/2/2021,548.1599731,9.119995117,0.31955,0.019391111
895,2/3/2021,539.4500122,-8.709960938,0.32129,0.00174
896,2/4/2021,552.1599731,12.70996094,0.347502222,0.026212222
897,2/5/2021,550.789978,-1.369995117,0.346337778,-0.001164444
898,2/6/2021,549.3549805,-1.434997559,0.302468889,-0.043868889
899,2/7/2021,548.6374817,-0.717498779,0.415902222,0.113433333
900,2/8/2021,547.9199829,-0.717498779,0.332501111,-0.083401111
901,2/9/2021,559.0700073,11.15002441,0.283392222,-0.049108889
902,2/10/2021,563.5900269,4.520019531,0.199637778,-0.083754444
903,2/11/2021,557.5900269,-6,0.29473,0.095092222
904,2/12/2021,556.5200195,-1.070007324,0.309717778,0.014987778
905,2/13/2021,556.9000244,0.380004883,0.238495556,-0.071222222
906,2/14/2021,557.0900269,0.190002441,0.267684444,0.029188888
907,2/15/2021,557.1850281,0.095001221,0.207285556,-0.060398888
908,2/16/2021,557.2800293,0.095001221,0.34007,0.132784444
909,2/17/2021,551.3400269,-5.940002441,0.286898889,-0.053171111
910,2/18/2021,548.2199707,-3.120056152,0.265792222,-0.021106667
911,2/19/2021,540.2199707,-8,0.308622222,0.04283
912,2/20/2021,537,-3.219970703,0.391142222,0.08252
913,2/21/2021,535.3900146,-1.609985352,0.303414444,-0.087727778
914,2/22/2021,533.7800293,-1.609985352,0.316095556,0.012681112
915,2/23/2021,546.1500244,12.36999512,0.219035556,-0.09706
916,2/24/2021,553.4099731,7.25994873,0.234964444,0.015928888
917,2/25/2021,546.7000122,-6.709960938,0.13673,-0.098234444
918,2/26/2021,538.8499756,-7.850036621,0.302358889,0.165628889
919,2/27/2021,544.7449951,5.895019531,0.237124444,-0.065234445
920,2/28/2021,547.6925049,2.947509766,0.260321111,0.023196667
921,3/1/2021,550.6400146,2.947509766,0.222505556,-0.037815555
922,3/2/2021,547.8200073,-2.820007324,0.278261111,0.055755555
923,3/3/2021,520.7000122,-27.11999512,0.258303333,-0.019957778
924,3/4/2021,511.2900085,-9.410003662,0.344505556,0.086202223
925,3/5/2021,516.3900146,5.100006104,0.250851111,-0.093654445
926,3/6/2021,504.8600006,-11.53001404,0.282631111,0.03178
927,3/7/2021,499.0949936,-5.765007019,0.340806667,0.058175556
928,3/8/2021,493.3299866,-5.765007019,0.329288889,-0.011517778
929,3/9/2021,506.4400024,13.11001587,0.237127778,-0.092161111
930,3/10/2021,504.5400085,-1.899993896,0.330467778,0.09334
931,3/11/2021,523.0599976,18.51998901,0.298872222,-0.031595556
932,3/12/2021,518.0200195,-5.039978027,0.259418889,-0.039453333
933,3/13/2021,519.1350098,1.114990234,0.30362,0.044201111
934,3/14/2021,519.6925049,0.557495117,0.29972,-0.0039
935,3/15/2021,520.25,0.557495117,0.221432222,-0.078287778
936,3/16/2021,524.0300293,3.780029297,0.300356667,0.078924445
937,3/17/2021,524.4400024,0.409973145,0.231746667,-0.06861
938,3/18/2021,504.7900085,-19.6499939,0.282833333,0.051086666
939,3/19/2021,512.1799927,7.389984131,0.255917778,-0.026915555
940,3/20/2021,517.644989,5.464996338,0.209117778,-0.0468
941,3/21/2021,520.3774872,2.732498169,0.322801111,0.113683333
942,3/22/2021,523.1099854,2.732498169,0.333985556,0.011184445
943,3/23/2021,535.0900269,11.9800415,0.185198889,-0.148786667
944,3/24/2021,520.8099976,-14.2800293,0.218351111,0.033152222
945,3/25/2021,502.8599854,-17.95001221,0.299063333,0.080712222
946,3/26/2021,508.0499878,5.190002441,0.332424444,0.033361111
947,3/27/2021,511,2.950012207,0.300115556,-0.032308888
948,3/28/2021,512.4750061,1.475006104,0.405224444,0.105108888
949,3/29/2021,513.9500122,1.475006104,0.200704444,-0.20452
950,3/30/2021,513.3900146,-0.559997559,0.315184444,0.11448
951,3/31/2021,521.6599731,8.269958496,0.20891,-0.106274444
952,4/1/2021,539.4199829,17.76000977,0.254271111,0.045361111
953,4/2/2021,540.0449829,0.625,0.270413333,0.016142222
954,4/3/2021,540.3574829,0.3125,0.224117778,-0.046295555
955,4/4/2021,540.5137329,0.15625,0.20427,-0.019847778
956,4/5/2021,540.6699829,0.15625,0.259738889,0.055468889
957,4/6/2021,544.5300293,3.860046387,0.278965556,0.019226667
958,4/7/2021,546.9899902,2.459960938,0.285643333,0.006677777
959,4/8/2021,554.5800171,7.590026855,0.300541111,0.014897778
960,4/9/2021,555.3099976,0.729980469,0.353636667,0.053095556
961,4/10/2021,554.0450134,-1.264984131,0.346478889,-0.007157778
962,4/11/2021,553.4125214,-0.632492065,0.150816667,-0.195662222
963,4/12/2021,552.7800293,-0.632492065,0.303663333,0.152846666
964,4/13/2021,553.7299805,0.949951172,0.134772222,-0.168891111
965,4/14/2021,540.0200195,-13.70996094,0.289627778,0.154855556
966,4/15/2021,549.2199707,9.199951172,0.216756667,-0.072871111
967,4/16/2021,546.539978,-2.679992676,0.305692222,0.088935555
968,4/17/2021,550.4899902,3.950012207,0.263111111,-0.042581111
969,4/18/2021,552.4649963,1.975006104,0.330902222,0.067791111
970,4/19/2021,554.4400024,1.975006104,0.449944444,0.119042222
971,4/20/2021,549.5700073,-4.869995117,0.341977778,-0.107966666
972,4/21/2021,508.8999939,-40.67001343,0.373002222,0.031024444
973,4/22/2021,508.7799988,-0.119995117,0.205585556,-0.167416666
974,4/23/2021,505.5499878,-3.230010986,0.279216667,0.073631111
975,4/24/2021,507.9249878,2.375,0.24763,-0.031586667
976,4/25/2021,509.1124878,1.1875,0.26501,0.01738
977,4/26/2021,510.2999878,1.1875,0.232703333,-0.032306667
978,4/27/2021,505.5499878,-4.75,0.347205556,0.114502223
979,4/28/2021,506.519989,0.970001221,0.368455556,0.02125
980,4/29/2021,509,2.480010986,0.275297778,-0.093157778
981,4/30/2021,513.4699707,4.469970703,0.262397778,-0.0129
982,5/1/2021,511.289978,-2.179992676,0.282837778,0.02044
983,5/2/2021,510.1999817,-1.089996338,0.318367778,0.03553
984,5/3/2021,509.1099854,-1.089996338,0.335576667,0.017208889
985,5/4/2021,503.1799927,-5.929992676,0.316544444,-0.019032223
986,5/5/2021,496.0799866,-7.100006104,0.140418889,-0.176125555
987,5/6/2021,499.5499878,3.470001221,0.199924444,0.059505555
988,5/7/2021,503.8399963,4.290008545,0.319645556,0.119721112
989,5/8/2021,495.2649994,-8.574996948,0.369822222,0.050176666
990,5/9/2021,490.9775009,-4.287498474,0.380594444,0.010772222
991,5/10/2021,486.6900024,-4.287498474,0.33898,-0.041614444
992,5/11/2021,495.0799866,8.389984131,0.242394444,-0.096585556
993,5/12/2021,484.980011,-10.09997559,0.189003333,-0.053391111
994,5/13/2021,486.6600037,1.679992676,0.279874444,0.090871111
995,5/14/2021,493.3699951,6.709991455,0.330775556,0.050901112
996,5/15/2021,491.1549988,-2.214996338,0.354154444,0.023378888
997,5/16/2021,490.0475006,-1.107498169,0.37471,0.020555556
998,5/17/2021,488.9400024,-1.107498169,0.262624444,-0.112085556
999,5/18/2021,486.2799988,-2.660003662,0.32053,0.057905556
1000,5/19/2021,487.7000122,1.420013428,0.098612222,-0.221917778
1001,5/20/2021,501.6700134,13.97000122,0.260627778,0.162015556
1002,5/21/2021,497.8900146,-3.779998779,0.17957,-0.081057778
1003,5/22/2021,500.3950043,2.504989624,0.212518889,0.032948889
1004,5/23/2021,501.6474991,1.252494812,0.253114444,0.040595555
1005,5/24/2021,502.8999939,1.252494812,0.279243333,0.026128889
1006,5/25/2021,501.3399963,-1.559997559,0.282973333,0.00373
1007,5/26/2021,502.3599854,1.019989014,0.255186667,-0.027786666
1008,5/27/2021,503.8599854,1.5,0.302761111,0.047574444
1009,5/28/2021,502.8099976,-1.049987793,0.255358889,-0.047402222
1010,5/29/2021,500.9449921,-1.865005493,0.224055556,-0.031303333
1011,5/30/2021,500.0124893,-0.932502747,0.283533333,0.059477777
1012,5/31/2021,499.5462379,-0.466251373,0.336643333,0.05311
1013,6/1/2021,499.0799866,-0.466251373,0.239753333,-0.09689
1014,6/2/2021,499.2399902,0.160003662,0.346137778,0.106384445
1015,6/3/2021,489.4299927,-9.809997559,0.357294444,0.011156666
1016,6/4/2021,494.7399902,5.309997559,0.28463,-0.072664444
1017,6/5/2021,494.6999969,-0.039993286,0.289838889,0.005208889
1018,6/6/2021,494.6800003,-0.019996643,0.227397778,-0.062441111
1019,6/7/2021,494.6600037,-0.019996643,0.272324444,0.044926666
1020,6/8/2021,492.3900146,-2.269989014,0.238493333,-0.033831111
1021,6/9/2021,485.8099976,-6.58001709,0.378454444,0.139961111
1022,6/10/2021,487.269989,1.459991455,0.161674444,-0.21678
1023,6/11/2021,488.769989,1.5,0.235232222,0.073557778
1024,6/12/2021,494.3300018,5.560012817,0.256336667,0.021104445
1025,6/13/2021,497.1100082,2.780006409,0.330535556,0.074198889
1026,6/14/2021,499.8900146,2.780006409,0.150977778,-0.179557778
1027,6/15/2021,491.8999939,-7.990020752,0.203931111,0.052953333
1028,6/16/2021,492.4100037,0.510009766,0.329521111,0.12559
1029,6/17/2021,498.3399963,5.929992676,0.25693,-0.072591111
1030,6/18/2021,500.769989,2.429992676,0.323733333,0.066803333
1031,6/19/2021,498.8849945,-1.884994507,0.305145556,-0.018587777
1032,6/20/2021,497.9424973,-0.942497253,0.290862222,-0.014283334
1033,6/21/2021,497,-0.942497253,0.207498889,-0.083363333
1034,6/22/2021,508.8200073,11.82000732,0.250904444,0.043405555
1035,6/23/2021,512.7399902,3.91998291,0.28929,0.038385556
1036,6/24/2021,518.0599976,5.320007324,0.344262222,0.054972222
1037,6/25/2021,527.0700073,9.010009766,0.241192222,-0.10307
1038,6/26/2021,530.0500183,2.980010986,0.234642222,-0.00655
1039,6/27/2021,531.5400238,1.490005493,0.291144444,0.056502222
1040,6/28/2021,533.0300293,1.490005493,0.182438889,-0.108705555
1041,6/29/2021,533.5,0.469970703,0.265526667,0.083087778
1042,6/30/2021,528.210022,-5.289978027,0.200296667,-0.06523
1043,7/1/2021,533.539978,5.329956055,0.252665556,0.052368889
1044,7/2/2021,533.9799805,0.440002441,0.145118889,-0.107546667
1045,7/3/2021,537.8099976,3.83001709,0.229188889,0.08407
1046,7/4/2021,539.7250061,1.915008545,0.239861111,0.010672222
1047,7/5/2021,540.6825104,0.957504272,0.207838889,-0.032022222
1048,7/6/2021,541.6400146,0.957504272,0.183948889,-0.02389
1049,7/7/2021,535.960022,-5.679992676,0.222332222,0.038383333
1050,7/8/2021,530.7600098,-5.200012207,0.098576667,-0.123755555
1051,7/9/2021,535.9799805,5.219970703,0.271634444,0.173057777
1052,7/10/2021,536.644989,0.665008545,0.161824444,-0.10981
1053,7/11/2021,536.9774933,0.332504272,0.199673333,0.037848889
1054,7/12/2021,537.3099976,0.332504272,0.26842,0.068746667
1055,7/13/2021,540.6799927,3.369995117,0.262145556,-0.006274444
1056,7/14/2021,547.9500122,7.270019531,0.371547778,0.109402222
1057,7/15/2021,542.9500122,-5,0.18217,-0.189377778
1058,7/16/2021,530.3099976,-12.64001465,0.241938889,0.059768889
1059,7/17/2021,531.2950134,0.985015869,0.19398,-0.047958889
1060,7/18/2021,531.7875214,0.492507935,0.276385556,0.082405556
1061,7/19/2021,532.2800293,0.492507935,0.249843333,-0.026542223
1062,7/20/2021,531.0499878,-1.230041504,0.201078889,-0.048764444
1063,7/21/2021,513.6300049,-17.41998291,0.18803,-0.013048889
1064,7/22/2021,511.769989,-1.860015869,0.306994444,0.118964444
1065,7/23/2021,515.4099731,3.639984131,0.289378889,-0.017615555
1066,7/24/2021,515.9499817,0.540008545,0.289844444,0.000465555
1067,7/25/2021,516.219986,0.270004272,0.083154444,-0.20669
1068,7/26/2021,516.4899902,0.270004272,0.241097778,0.157943334
1069,7/27/2021,518.9099731,2.41998291,0.163005556,-0.078092222
1070,7/28/2021,519.2999878,0.390014648,0.200048889,0.037043333
1071,7/29/2021,514.25,-5.049987793,0.327151111,0.127102222
1072,7/30/2021,517.5700073,3.320007324,0.285218889,-0.041932222
1073,7/31/2021,516.3600159,-1.209991455,0.323906667,0.038687778
1074,8/1/2021,515.7550201,-0.604995728,0.277703333,-0.046203334
1075,8/2/2021,515.1500244,-0.604995728,0.18371,-0.093993333
1076,8/3/2021,510.8200073,-4.33001709,0.259113333,0.075403333
1077,8/4/2021,517.3499756,6.529968262,0.187015556,-0.072097777
1078,8/5/2021,524.8900146,7.540039063,0.163716667,-0.023298889
1079,8/6/2021,520.5499878,-4.340026855,0.213772222,0.050055555
1080,8/7/2021,520.2599792,-0.290008545,0.248391111,0.034618889
1081,8/8/2021,520.114975,-0.145004272,0.195572222,-0.052818889
1082,8/9/2021,519.9699707,-0.145004272,0.217826667,0.022254445
1083,8/10/2021,515.8400269,-4.129943848,0.201078889,-0.016747778
1084,8/11/2021,512.4000244,-3.440002441,0.267387778,0.066308889
1085,8/12/2021,510.7200012,-1.680023193,0.349994444,0.082606666
1086,8/13/2021,515.9199829,5.199981689,0.245037778,-0.104956666
1087,8/14/2021,516.9199829,1,0.231797778,-0.01324
1088,8/15/2021,517.4199829,0.5,0.319834444,0.088036666
1089,8/16/2021,517.9199829,0.5,0.215203333,-0.104631111
1090,8/17/2021,518.9099731,0.989990234,0.260572222,0.045368889
1091,8/18/2021,521.8699951,2.960021973,0.185034444,-0.075537778
1092,8/19/2021,543.710022,21.84002686,0.430002222,0.244967778
1093,8/20/2021,546.8800049,3.16998291,0.277595556,-0.152406666
1094,8/21/2021,550.105011,3.225006104,0.232658889,-0.044936667
1095,8/22/2021,551.717514,1.612503052,0.338962222,0.106303333
1096,8/23/2021,553.3300171,1.612503052,0.258723333,-0.080238889
1097,8/24/2021,553.4099731,0.079956055,0.298827778,0.040104445
1098,8/25/2021,547.5800171,-5.829956055,0.21181,-0.087017778
1099,8/26/2021,550.1199951,2.539978027,0.301866667,0.090056667
1100,8/27/2021,558.9199829,8.799987793,0.326922222,0.025055555
1101,8/28/2021,562.5499878,3.630004883,0.24554,-0.081382222
1102,8/29/2021,564.3649902,1.815002441,0.260865556,0.015325556
1103,8/30/2021,566.1799927,1.815002441,0.318833333,0.057967777
1104,8/31/2021,569.1900024,3.010009766,0.235485556,-0.083347777
